Dia da Feira,Categoria,Qnt. Feirantes,Nome da Feira,Endereco,Bairro
DOM,TRADICIONAL,88,VILA FORMOSA,"AV TRUMAIN C/ HENRIQUE MORIZE","VL FORMOSA"
DOM,TRADICIONAL,81,VILA CARRAO,"RUA COMEN GIL PINHEIRO","VL CALIFORNIA"
DOM,TRADICIONAL,71,VILA RICA,"RUA PROF ALZIRA DE O GILIOLI","VL RICA"
DOM,TRADICIONAL,43,VILA SANTA IZABEL,"RUA LUIS PINTO","VL CARRAO"
TER,ÔRGANICA,21,FEIRA LIVRE DE ORGANICOS CERET,"RUA ELEONORA CINTRA","JD ANALIA FRANCO"
TER,TRADICIONAL,47,SANTA GERTRUDES,"RUA SANTA GERTRUDES","TATUAPE"
TER,TRADICIONAL,49,PARQUE MARIA LUIZA,"AV PROF CARLOS CALIOLLI","PQ MARIA LUIZA"
TER,TRADICIONAL,60,VILA NOVA YORK,"RUA MAL MARQUES PORTO","VL NOVA YORK"
TER,TRADICIONAL,1,TIUBA,"RUA TIUBA","VL MANCHESTER"
QUA,TRADICIONAL,112,VILA NOVA MANCHESTER,"RUA SAO VALENTIM","VL CARRAO"
QUA,TRADICIONAL,58,VILA FORMOSA,"RUA MARAGOJIPE","VL FORMOSA"
QUA,TRADICIONAL,24,ALFERES FRAZAO,"RUA DIAMANTE PRETO","ARICANDUVA"
QUA,TRADICIONAL,112,VILA ANTONIΕΤΑ,"RUA PETROBRAS","VL ANTONIΕΤΑ"
QUA,TRADICIONAL,66,JARDIM RECORD,"AV DOS PEQUIS","JD VL FORMOSA"
QUA,TRADICIONAL,0,PRACA ALBINO FCO DE FIGUEIREDO,"RUA BENEDITO GALVAO","VILA CARRAO"
QUI,TRADICIONAL,85,VILA CARRAO,"RUA DENTISTA BARRETO","VL CARRAO"
QUI,TRADICIONAL,76,VILA SANTA IZABEL,"RUA PIRAMBOIA","VL STA IZABEL"
QUI,TRADICIONAL,27,DEDO DE DEUS,"RUA ALFARO","VL RICA"
QUI,TRADICIONAL,66,CERET,"RUA VALTER GAZARRA","VILA GOMES CARDIM"
SEX,TRADICIONAL,49,SAPOPEMBA,"RUA GRECCO","ALTO DA MOOCA"
SEX,TRADICIONAL,73,JARDIM ARICANDUVA,"AV ODILON PIRES","JD ARICANDUVA"
SEX,TRADICIONAL,66,JARDIM IVA,"RUA ROMILDO FINOZZI","JD IVA"
SEX,TRADICIONAL,28,VILA MANCHESTER,"PC HAROLDO DALTRO","VL MANCHESTER"
SAB,TRADICIONAL,92,SANTO ESTEVAO,"RUA AREIAO","TATUAPE"
SAB,TRADICIONAL,82,VILA ARICANDUVA,"RUA FRANCISCA DE PAULA","VL CARRAO"
SÁB,TRADICIONAL,79,PRACA MANOEL ARIZA,"AV ΑΝΤΟΝΙΟ MANOGRASSO","VL FORMOSA"
SÁB,TRADICIONAL,52,JARDIM VILA FORMOSA,"AV DOM AZEREDO COUTINHO","JD VL FORMOSA"
SÁB,TRADICIONAL,38,VILA CRUZEIRO,"RUA MARIA FRANCISCA DO NASCIMENTO","VL CRUZEIRO"
SÁB,TRADICIONAL,31,COHAB BARREIRA GRANDE,"AV RUFINO FERNANDES INIVARRI","BARREIRA GRANDE"
SÁB,NOTURNA,15,AGUIAR DA BEIRA,"RUA ANTONIO CALDEIRA","VILA ANTONIETA"
DOM,TRADICIONAL,93,JARDIM ANGELA,"RUA MARCELINO COELHO","JD ANGELA"
DOM,TRADICIONAL,77,JARDIM SAO LUIZ,"RUA ARRAIAL DOS COUROS","JD SAO LUIZ"
DOM,TRADICIONAL,11,JARDIM CRIS,"RUA ALBINO CORREA DE CAMPOS","VL REMO"
DOM,TRADICIONAL,28,JARDIM RANIERI,"RUA MANOEL DA COSTA DANTAS","JD RANIERI"
DOM,TRADICIONAL,22,CORREGO DOS FREITAS,"RUA MARIA BENEDITA RODRIGUES","PQ STO ANTΟΝΙΟ"
DOM,TRADICIONAL,39,JARDIM DAS FLORES,"AV INACIO DIAS DA SILVA","PIRAPORINHA"
TER,TRADICIONAL,134,PIRAPORINHA,"RUA ESTEVAM FERNANDES","PIRAPORINHA"
TER,TRADICIONAL,19,JARDIM IBIRAPUERA,"RUA SALGUEIRO DO CAMPO","JD IBIRAPUERA"
TER,TRADICIONAL,38,ALTO DA RIVIEIRA,"RUA MONS JOAO PEDRO FUSENIG","JD STA GERTRUDES"
QUA,TRADICIONAL,58,JARDIM SAO LUIZ,"RUA ARRAIAL DOS COUROS","JD SAO LUIZ"
QUA,TRADICIONAL,31,PARQUE NOVO SANTO AMARO,"RUA ALBERTO BORGES SOVERAL","PQ NOVO STO AMARO"
QUI,TRADICIONAL,95,JARDIM VAZ DE LIMA,"RUA LUCA DE MARENZIO","JD VAZ DE LIMA"
QUI,TRADICIONAL,15,PARQUE FIGUEIRA GRANDE,"RUA BELCHIOR FELIX","PQ FIG GRANDE"
SEX,TRADICIONAL,107,VILA REMO,"RUA ITAPAROQUERA","VL REMO"
SEX,TRADICIONAL,63,ESTRADA DA MOENDA VELHA,"AV MOENDA VELHA GOMES PEDROSA","JD SAO BENTO NOVO"
SEX,TRADICIONAL,24,VILA SANTA LUCIA,"RUA CARMELO CALI","VL STA LUCIA"
SAB,TRADICIONAL,67,JARDIM VERGUEIRO,"RUA ANTONIO VAZ","JD VERGUEIRO"
SAB,TRADICIONAL,46,VILA DAS BELEZAS,"RUA BERNARDINO ESTAZIONE","VL DAS BELEZAS"
SAB,TRADICIONAL,22,JARDIM IMBE,"RUA ERASMUS GRASSER","JD IMBE"
SAB,TRADICIONAL,2,CDHU JARDIM SAO LUIZ-A,"RUA ANDRE LENS","JARDIM SAO LUIZ"
SAB,TRADICIONAL,6,SAO LUIS,"RUA JOSE RODRIGUES MACIEL","SAO LUIS"
DOM,TRADICIONAL,28,PARELHEIROS,"PC PEDRO ROCHA","PARELHEIROS"
DOM,TRADICIONAL,10,VILA VARGEM GRANDE II,"RUA BEIJA FLOR","VILA VARGEM GRANDE"
DOM,TRADICIONAL,9,JARDIM IPORA,"RUA FORTE DO GUARA","PARELHEIROS"
TER,TRADICIONAL,22,JARDIM DOS ALAMOS,"RUA HENRIQUE ROSCHEL CHRISTI","JD DOS ALAMOS"
QUA,TRADICIONAL,4,RECANTO CAMPO BELO,"RUA MARIA DA COSTA BEZERRA","PARELHEIROS"
QUI,TRADICIONAL,22,BARRO BRANCO,"RUA MARIO WILCHES","JD MARIA BORBA"
SAB,TRADICIONAL,15,VILA VARGEM GRANDE I,"RUA IPE ROXO","VILA VARGEM GRANDE"
SAB,TRADICIONAL,5,BALNEARIO SAO JOSE,"RUA UIRAPURU DO SERTAO","PARELHEIROS"
DOM,TRADICIONAL,8,VILA MORSE,"RUA ","VL SONIA"
DOM,TRADICIONAL,93,SAO DOMINGOS,"RUA JOSE JOAQUIM SEABRA","VL TIRADENTES"
DOM,TRADICIONAL,58,JARDIM ARPOADOR,"RUA ADERBAL STRESSER","JD ARPOADOR"
DOM,TRADICIONAL,0,REAL PARQUE,"RUA BARAO DE MONTE MOR","PAINEIRAS DO MORUM"
DOM,TRADICIONAL,17,CONJ RESIDENCIAL DO BUTANTA,"RUA LUIS ANTONIO MARTINS","BUTANTA"
DOM,TRADICIONAL,17,RAPOSO TAVARES,"RUA GABRIEL DE CARVALHO","JD BOA VISTA"
DOM,TRADICIONAL,20,VILA REGINA,"RUA EDWARD CARMILO","JD CELESTE"
DOM,TRADICIONAL,15,COHAB RAPOSO TAVARES,"RUA CACHOEIRA DO ARREPENDIMENTO","JD ARPOADOR"
TER,TRADICIONAL,46,CAXINGUI,"PC ROBERTO GOMES PEDROSA","ESTADIO DO MORUMB"
TER,TRADICIONAL,100,JARDIM BONFIGLIOLI,"AV OCTACILIO ΤΟΜΑΝΙΚ","RIO PEQUENO"
TER,TRADICIONAL,8,JARDIM PERI PERI,"RUA PLINIO SALGADO","BUTANTA"
TER,TRADICIONAL,28,JARDIM JOAO XXIII,"AV VATICANO","JD JOAO XXIII"
QUA,TRADICIONAL,29,BIBI,"PC ROBERTO GOMES PEDROSA","ITAIM BIBI"
QUA,TRADICIONAL,35,VILA INDIAΝΑ,"RUA IQUIRIRIM","VL INDIANA"
QUA,TRADICIONAL,34,VILA DALVA,"RUA JORGE WORD","VL DALVA"
QUA,TRADICIONAL,54,JARDIM CELESTE,"RUA EDWARD CARMILLO","JD CELESTE"
QUA,TRADICIONAL,15,JARDIM COLOMBO,"RUA SALOMAO WAIMBERG","JD BONFIGLIOLI"
QUI,TRADICIONAL,36,BUTANTA,"RUA AGOSTINHO CANTU C/ ROMAO GO","BUTAΝΤΑ"
QUI,TRADICIONAL,24,CARAMURU,"RUA PDE ALARICO ZACARIAS","VL MARIA LUIZA"
QUI,TRADICIONAL,52,JARDIM SAO JORGE,"RUA PROF JOAO DE LORENZO","JD SAO JORGE"
QUI,TRADICIONAL,23,JARDIM GUARAU,"RUA JERONIMO FERNANDES","JD GUARAU"
QUI,TRADICIONAL,23,FEIRAO DA ECONOMIA REAL PARQUE,"AV BARAO DE MONTE MOR","REAL PQ MORUMBI"
SEX,TRADICIONAL,64,VILA SONIA,"AV GAL FRANCISCO MORAZAN","VL SONIA"
SEX,TRADICIONAL,50,RIO PEQUENO,"AV PUJAIS SABATE","RIO PEQUENO"
SEX,TRADICIONAL,28,VILA BORGES,"RUA ORESTES COLOMBARI","VL BORGES"
SEX,TRADICIONAL,33,VILA GOMES,"RUA PEREIRA DO LAGO","VL GOMES"
SEX,TRADICIONAL,11,PORTAL DO MORUMBI,"RUA ISAAC ALBENIZ C/ FRANCO ALFANO","MORUMBI"
SAB,TRADICIONAL,11,CAXINGUI,"RUA LADISLAU ROMAN","CAXINGUI"
SAB,TRADICIONAL,0,JARDIM PINHEIROS,"RUA AUGUSTO FARINA","JD PINHEIROS"
SÁB,TRADICIONAL,98,MARIO MOURA ANDRADE,"AV CLAUDIO FRANCHI","BUTANTA"
SÁB,TRADICIONAL,32,AURIFLAMA,"RUA DR VIRGILIO ALVIN FRANCO","JD D ABRIL"
SÁB,TRADICIONAL,42,VILA BUTAΝΤΑ,"RUA JOSE ALVES DA CUNHA LIMA","RIO PEQUENO"
SÁB,TRADICIONAL,10,JARDIM AΝΤΟΝΙΑ,"RUA DR PAULO RIBEIRO COELHO","JD ANTONIA"
SÁB,TRADICIONAL,9,JARDIM RAPOSO TAVARES,"AV CAXINGUI","JD RAPOSO TAVARES"
SÁB,TRADICIONAL,20,JARDIM ADALGIZA,"AV GUSTAVO BERTHIER","VL DALVA"
DOM,TRADICIONAL,49,PARQUE ARARIBA,"RUA FRANCISCO SOARES","PQ REGINA"
DOM,TRADICIONAL,100,CAMPO LIMPO,"AV AMADEU DA SILVA SAMELLO","CAMPO LIMPO"
DOM,TRADICIONAL,45,PARQUE FERNANDA,"ES DE ITAPECERICA","PQ FERNANDA"
DOM,TRADICIONAL,33,JARDIM DAS ROSAS,"RUA SERRA DOS DOIS IRMAOS","JD DAS ROSAS"
DOM,TRADICIONAL,31,JARDIM ROSANA,"RUA CARLOS NAHAS C/ CARLOS LACERD","JD ROSANA"
DOM,TRADICIONAL,20,JARDIM DO COLEGIO,"RUA DR HUMBERTO PASCALE","JD JANGADEIRO"
DOM,TRADICIONAL,11,COHAB ADVENTISTA II,"RUA MODELAR","CAPAO REDONDO"
DOM,TRADICIONAL,13,ANTONIO DA COSTA BARBOSA,"RUA ANTONIO DA COSTA BARBOSA","VILA ANDRADE"
DOM,TRADICIONAL,6,JARDIM SANTO ANTOΝΙΟ,"RUA MANUEL HOMEM DE ANDRADE","JARDIM SANTO ANTON"
DOM,TRADICIONAL,13,CIDADE DE RIO PARDO,"RUA CIDADE DO RIO PARDO","VILA ANDRADE"
TER,TRADICIONAL,40,JARDIM JANGADEIRO,"RUA ROSARIO SCAMARTI","JD JANGADEIRO"
TER,TRADICIONAL,28,JARDIM ROSANA,"RUA CARLOS NAHAS","JD ROSANA"
QUA,TRADICIONAL,106,CAPAO REDONDO,"RUA PAULINO VITAL DE MORAES","CAPAO REDONDO"
QUA,TRADICIONAL,48,VILA PRELL,"RUA THEREZA MΑΙΑ ΡΙΝΤΟ","VL PRELL"
QUA,TRADICIONAL,37,JARDIM MACEDONIA,"RUA AGOSTINHO PAIVA","JD MACEDONIA"
QUA,TRADICIONAL,15,FORTE WILLIAM,"RUA FORTE WILLIAM","VILA ANDRADE"
QUI,TRADICIONAL,74,CAMPO LIMPO,"RUA MARTINHO VAZ DE BARROS","CAMPO LIMPO"
QUI,TRADICIONAL,71,JARDIM CATANDUVA,"RUA DR RENATO BUENO NETO","JD CATANDUVA"
QUI,TRADICIONAL,17,CIDADE DO RIO PARDO,"RUA CIDADE DO RIO PARDO","VILA ANDRADE"
QUI,TRADICIONAL,12,LUISA TODI,"RUA LUISA TODI","JD IRENE"
QUI,TRADICIONAL,8,FREI ANIBAL,"RUA INACIO PRETO DE MORAES","VL ANDRADE"
SEX,TRADICIONAL,83,CAPAO REDONDO,"AV ATHOS THOMAZ FERRACIO","CAPAO REDONDO"
SEX,TRADICIONAL,106,JARDIM UMARIZAL,"AV ANACE","JD UMARIZAL"
SEX,TRADICIONAL,31,JARDIM IPE,"RUA GASTAO RAUL DE FONTON BOSQU","JD IPE"
SEX,TRADICIONAL,10,PARQUE FERNANDA,"AV DR SALVADOR ROCCO","PARQUE FERNANDA"
SAB,TRADICIONAL,42,JARDIM MARIA SAMPAΙΟ,"RUA ANTONIO VIEGAS DE ATAIDE","JD MARIA SAMPAIO"
SAB,TRADICIONAL,55,PARAIZOPOLIS,"RUA HERBERT SPENCER","PARAIZOPOLIS"
SÁB,TRADICIONAL,17,JARDIM UMUARAMA,"RUA ODEMIS","JD UMUARAMA"
SÁB,TRADICIONAL,19,FEIRA LIVRE HORTO DO YPE,"RUA FRANCISCO DA CRUZ MELLAO","HORTO DO YPE"
SÁB,TRADICIONAL,14,COLANTOΝΙΟ,"RUA COLANTOΝΙΟ","VILA ANDRADE"
SÁB,TRADICIONAL,15,JARDIM OLINDA,"RUA CARDOSO MOREIRA","JARDIM OLINDA"
SÁB,ÔRGANICA,6,BURLE MARX,"PQ BURLE MARX","VILA ANDRADE"
SÁB,TRADICIONAL,11,ANATOLE DE BAUDOT,"RUA ANATOLE DE BAUDOT","VL SUZANA"
DOM,TRADICIONAL,45,PARQUE GRAJAU,"RUA JOSE BEZERRA FILHO","PQ GRAJAU"
DOM,TRADICIONAL,63,CIDADE DUTRA,"RUA NOSSA SENHORA DO OUTEIRO","CID DUTRA"
DOM,TRADICIONAL,21,JARDIM IPORANGA,"RUA ANTONIO PEREIRA TAQUES","JD PRESIDENTE"
DOM,TRADICIONAL,43,JARDIM SUZANO,"AV INACIO CUNHA LEME","JD IPANEMA"
DOM,TRADICIONAL,48,JARDIM TRES CORACOES,"RUA BENEDITA MARTINS RAMOS","JD TRES CORACOES"
DOM,TRADICIONAL,15,AV DAS JABOTICABEIRAS,"ES DO CAPOEIRAO","JD COLONIAL"
DOM,TRADICIONAL,62,COCAIA,"AV TRINTA E SETE CONJ FARIA LIMA","PQ COCAIA"
DOM,TRADICIONAL,47,PQUE AMERICA,"RUA BENEDITO MARCELLO","PQ SAO PAULO"
DOM,TRADICIONAL,0,VILA DA PAZ,"RUA INACIO DE ALMEIDA ARRUDA","VILA DA PAZ"
DOM,TRADICIONAL,12,JD. NOVO HORIZONTE,"RUA LUAR DE LAGRIMAS","JD NOVO HORIZONTE"
DOM,TRADICIONAL,16,JARDIM VARGINHA,"RUA RAIMUNDA P DE ALENCAR DA SILV","JARDIM VARGINHA"
TER,TRADICIONAL,81,JARDIM EDA,"RUA JOSE ANTUNES CERDEIRA","PQ AMERICA"
TER,TRADICIONAL,100,VELEIROS,"RUA DAS PAINEIRAS","VELEIROS"
TER,TRADICIONAL,72,JARDIM ELIANA,"RUA AMAZONAS MARCONDES","COCAIA"
QUA,TRADICIONAL,60,VILA SAO BENEDITO,"RUA JOSE BONIFACIO FILHO","CID DUTRA"
QUA,TRADICIONAL,96,BANDEIRANTES,"PC JOSE SCHUNCH","VL SAO JOSE"
QUA,TRADICIONAL,30,VILA NOVA FRIBURGO,"AV DANTON JOBIM","VL FRIBURGO"
QUA,TRADICIONAL,24,RIO PRETO,"RUA SAO JOSE DO RIO PRETO","GRAJAU"
QUA,TRADICIONAL,34,JARDIM S FRANCISCA,"RUA HENRY LACORDAIRE","JD STA FRANCISCA"
QUA,TRADICIONAL,32,PQUE RESIDENCIAL COCAIA I,"RUA RUBENS DE OLIVEIRA","COCAIA"
QUI,TRADICIONAL,32,CIDADE DUTRA,"RUA SAO GUILHERME","CID DUTRA"
QUI,TRADICIONAL,95,JARDIM MIRNA,"AV CARLOS ALBERTO BASTOS MACHAL","COCAIA"
QUI,TRADICIONAL,57,PARQUE SAO PAULO,"RUA GAETANO DONIZETTI","PQ BRASIL"
SEX,TRADICIONAL,26,SOCORRO,"RUA DOS INOCENTES C/ MENDEL","SOCORRO"
SEX,TRADICIONAL,42,JARDIM DAS IMBUIAS,"RUA JOSE LUIZ MONTEIRO","JD IMBUIAS"
SAB,TRADICIONAL,37,JARDIM PRIMAVERA,"RUA FRANCISCO BARRETO","JD PRIMAVERA"
SAB,TRADICIONAL,163,SAO JOSE,"AV CARLOS OBHERUBER","STO AMARO"
SÁB,TRADICIONAL,50,VILA FRIBURGO,"AV BERNA","VL FRIBURGO"
SÁB,TRADICIONAL,40,CONJ.RES.BRIG.FARIA LIMA,"RUA SAO CAETANO DO SUL","GRAJAU"
SÁB,TRADICIONAL,23,JARDIM PETRONITA,"RUA DR ANTONIO SIMOES DE CARVALH","JD SAO BERNARDO"
SÁB,TRADICIONAL,57,PARQUE DAS ARVORES,"AV DO ARVOREIRO","CAPELA DO SOCORRO"
SÁB,TRADICIONAL,67,PQ RES. COCAIA INDEPENDENTE,"AV VER JOSE GOMES MORAES NETO","PQ RESIDENCIAL"
SÁB,TRADICIONAL,10,JARDIM SATELITE,"RUA CLAUDIO SERGIO BERE","JD SATELITE"
SÁB,TRADICIONAL,18,JARDIM ALMEIDA PRADO,"RUA MARCO AURELIO MARILAN","JD ALMEIDA PRADO"
SÁB,TRADICIONAL,20,VILA NATAL,"RUA MARTA MARIA BERNARDES","VILA NATAL"
DOM,TRADICIONAL,52,CHORA MEΝΙΝΟ,"AV BARUEL","BARUEL"
DOM,TRADICIONAL,48,PARQUE PERUCHE,"RUA CARLOS BELMIRO CORREA","PQ PERUCHE"
DOM,TRADICIONAL,68,CANAA,"AV EULINA","JD PRIMAVERA"
DOM,TRADICIONAL,43,VILA NOVA CACHOEIRINHA,"RUA DOS PATIS","VL BELA VISTA"
DOM,TRADICIONAL,24,VILA PRADO,"RUA MARIA ELISA SIQUEIRA","VL BARBOSA"
DOM,TRADICIONAL,1,JARDIM PERI ALTO,"RUA SAO LOURENCO DO SUL","JD PERI ALTO"
DOM,TRADICIONAL,0,FEIRA CEL EUCLIDES MACHADO,"RUA CEL EUCLIDES MACHADO","JD DAS GRACAS"
DOM,TRADICIONAL,8,LIMAO,"PC ANTONIO FRANCO VELASCO","LIMAO"
DOM,TRADICIONAL,18,CACHOEIRINHA,"RUA CLEUSA MILOCHI","CACHOEIRINHA"
DOM,TRADICIONAL,136,FREGUESIA DO O,"RUA AFONSO LOPES VIEIRA","VILA DIONISIA"
TER,TRADICIONAL,92,JARDIM CARDAMONE,"RUA WALDOMIRO SILVEIRA","IMIRIM"
TER,TRADICIONAL,12,JARDIM DAS LARANJEIRAS,"RUA FREDERICO PENTEADO JUNIOR","CASA VERDE"
TER,TRADICIONAL,52,SANTA MARIA,"RUA TOMAZ ANTONIO VILANE","VL STA MARIA"
TER,TRADICIONAL,5,MARAMBAΙΑ,"RUA MARAMBAΙΑ","CASA VERDE"
TER,TRADICIONAL,90,JARDIM SANTA CRUZ,"RUA MONTE SAO MARTINHO","JD STA CRUZ"
QUA,TRADICIONAL,37,VILA ESPANHOLA,"RUA GALILEIA","PQ PERUCHE"
QUA,TRADICIONAL,62,VILA CAROLINA,"RUA ANTONIO MUNHOS BONILHA","VL CAROLINA"
QUA,TRADICIONAL,126,VILA CONTINENTAL,"AV MARIANA CALIGIURI RONCHETTI","VL CONTINENTAL"
QUA,TRADICIONAL,18,PARQUE SOUZA ARANHA,"PC BENITO NICOLETTI","PARQUE SOUZA ARANH"
QUI,TRADICIONAL,112,BAIRRO DO LIMAO,"RUA MADALENA MADUREIRA","CASA VERDE"
QUI,TRADICIONAL,70,ROSA DOS VENTOS,"RUA AUGUSTO GIL","VL NOVA CACHOEIRINH"
QUI,TRADICIONAL,19,GALO DE OURO,"RUA DR IGNACIO PROENCA GOUVEIA","PQ PERUCHE"
SEX,TRADICIONAL,26,CASA VERDE,"RUA CAETANO DESCO","CASA VERDE"
SEX,TRADICIONAL,36,CARMEM,"RUA CESAR PENA RAMOS","CASA VERDE"
SEX,TRADICIONAL,94,MANDIBA,"RUA LASAR SEGAL","FREGUESIA DO O"
SEX,TRADICIONAL,12,DEPUTADO EMILIO CARLOS,"AV MONTE CELESTE","LIMAO"
SAB,TRADICIONAL,38,CACHOEIRINHA,"RUA JUARANA C/ DO CANAVIAL","VL NOVA CACHOEIRINH"
SAB,TRADICIONAL,70,VILA SIQUEIRA,"RUA SALVADOR LIGABUE","VL SIQUEIRA"
SAB,TRADICIONAL,48,PARQUE SOUZA ARANHA,"PC BENITO NICOLETTI","PARQUE SOUZA ARANH"
DOM,TRADICIONAL,67,CASA PALMA,"AV CUPECE","CID ADEMAR"
DOM,TRADICIONAL,160,JARDIM MIRIAM,"AV ANGELO CRISTIANINI","JD MIRIAM"
DOM,TRADICIONAL,84,MAR PAULISTA,"RUA AUGUSTO DE CASTRO","PEDREIRA"
DOM,TRADICIONAL,69,VILA JOANISA,"RUA ESTANISLAU MONIUSKO","VL JOANISA"
DOM,TRADICIONAL,14,VILA MISSIONARIA,"RUA RAINHA DAS MISSOES","VL MISSIONARIA"
DOM,TRADICIONAL,12,JARDIM VILA LUCIA,"RUA DELFINO FACCHINA","JD VERA LUCIA"
TER,TRADICIONAL,13,JARDIM PRUDENCIA,"RUA MARIA JOSE RANGEL","JD PRUDENCIA"
TER,TRADICIONAL,32,VILA CONSTANCIA,"RUA SALVADOR RODRIGUES NEGRAO","VL CONSTANCIA"
QUA,TRADICIONAL,43,JARDIM UBIRAJARA,"AV BATISTA MACIEL","JD UBIRAJARA"
QUA,TRADICIONAL,66,CIDADE ADEMAR,"RUA VISCONDE DE STA ISABEL","CID ADEMAR"
QUA,TRADICIONAL,44,JARDIM MIRIAM,"RUA BRAS DE ABREU","JD MIRIAM"
QUI,TRADICIONAL,64,PEDREIRA,"AV AUGUSTO DE CASTRO","PEDREIRA"
QUI,TRADICIONAL,119,VILA FILOMΕΝΑ,"RUA JOAO GOMES BATISTA","JD CIDALIA"
QUI,TRADICIONAL,26,VILA RICA,"AV CELSO DOS SANTOS","STO AMARO"
SEX,TRADICIONAL,125,CIDADE ADEMAR,"RUA ANTONIO DE PINHO AZEVEDO","CID ADEMAR"
SEX,TRADICIONAL,87,REFUGIO SANTA TEREZINHA,"RUA DOS ANIQUIS E DOS CARATAIS","PEDREIRA"
SEX,TRADICIONAL,19,JARDIM NITEROI,"RUA EDUARDO PEREIRA RAMOS","JD NITEROIΙ"
SAB,TRADICIONAL,10,JARDIM MARAJOARA,"RUA JUCA DE AZEVEDO","JD MARAJOARA"
SAB,TRADICIONAL,38,JARDIM VILAS BOAS,"RUA LUIS STOLB","JD VILAS BOAS"
DOM,TRADICIONAL,164,ERMELINO MATARAZZO,"RUA SHOBEE KUMAGAI","ERMELINO MATARAZZO"
DOM,TRADICIONAL,101,VILA RIO BRANCO,"RUA FRANCISCO SOUZA QUEIROZ","VL RIO BRANCO"
DOM,TRADICIONAL,16,SANTOS DUMONT,"AV CACHOEIRA SANTA CRUZ","JD POPULAR"
TER,TRADICIONAL,67,VILA BUENOS AIRES,"AV BUENOS AIRES","VL BUENOS AIRES"
TER,TRADICIONAL,18,BRASILIA,"RUA BELIZARIO BENITES","JD VERONIΑ"
QUA,TRADICIONAL,142,PONTE RAZA,"RUA BOAVENTURA R DA SILVA","PONTE RAZA"
QUI,TRADICIONAL,138,COMENDADOR ERMELINO MATARAZZO,"RUA VITORIA SIMIONATO","ERMELINO MATARAZZO"
QUI,TRADICIONAL,72,JARDIM POPULAR,"RUA ANDRE NATALE","JD POPULAR"
QUI,TRADICIONAL,20,AZEVEDO,"RUA HERMENEGILDO GOIS PARENTE","JD LISBOA"
QUI,TRADICIONAL,48,VILA PRIMA,"RUA HONORIO EMILIANO BUENO","PONTE RAZA"
QUI,TRADICIONAL,18,BURGO PAULISTA,"RUA ACAIPE","BURGO PAULISTA"
SEX,TRADICIONAL,56,PARQUE BOTURUSSU,"RUA DARIO COSTA MATOS","ERMELINO MATARAZZO"
SEX,NOTURNA,5,BENEDITO RAMOS,"PC BENEDITO RAMOS RODRIGUES","JARDIM BELEM"
SAB,TRADICIONAL,126,BURGO PAULISTA,"RUA JOAO JOSE DE QUEIROZ","SAO FRANCISCO"
SAB,TRADICIONAL,123,JARDIM VERONIA,"RUA ANTONIO LEITE PENTEADO","JD VERONIA"
SAB,TRADICIONAL,11,VILA PONTE RASA,"RUA RAFAEL FREDERICO","VL PONTE RASA"
SAB,TRADICIONAL,57,JARDIM PENHA,"RUA DO ACAPUZAL","VL CISPER"
DOM,TRADICIONAL,59,VILA DAS PALMEIRAS,"RUA BENEDITO GUEDES DE OLIVEIRA","VL PALMEIRAS"
DOM,TRADICIONAL,114,CRUZ DAS ALMAS,"ES DO SABAO","CRUZ DAS ALMAS"
DOM,TRADICIONAL,60,MARACANA,"RUA RODOLFO MARCOS TEOFILO","JD ELISEO"
DOM,TRADICIONAL,24,PARQUE BELEM,"AV GUILHERME DE ALMEIDA","PQ BELEM"
DOM,TRADICIONAL,20,JARDIM PRINCESA,"RUA VITANTONIO MATOROSA","JARDIM PRINCESA"
DOM,TRADICIONAL,11,JARDIM DO RECANTO,"RUA ARARIPIRA","JARDIM DO RECANTO"
TER,TRADICIONAL,46,FREGUESIA DO O,"RUA CHICO DE PAULA","NOSSA SENHORA DO O"
TER,TRADICIONAL,89,VILA BANCARIA,"RUA MARQUES DO RECIFE","VL BANCARIA"
TER,TRADICIONAL,29,GUARIROBA,"RUA JOSE FELIX ALVES PACHECO","VL BRASILANDIA"
TER,TRADICIONAL,44,JARDIM VISTA ALEGRE,"RUA ITATIBA DO SUL","JD VISTA ALEGRE"
QUA,TRADICIONAL,30,VILA IORIO,"RUA JAGUARURAMA","NOSSA SENHORA DO 0"
QUA,TRADICIONAL,80,VILA RICA,"RUA SPENCER VAMPRE","VL RICA"
QUA,TRADICIONAL,54,JARDIM IRACEMA,"RUA MONTREAL","PQ SAO LUIS"
QUI,TRADICIONAL,52,VILA BRASILANDIA,"RUA COLUMBIA","VL BRASILANDIA"
QUI,TRADICIONAL,24,VILA NIGRI,"RUA MOINHO VELHO","VL NIGRI"
QUI,TRADICIONAL,58,JARDIM GUARANI,"RUA SOUZA CARVALHO","JD GUARANI"
SEX,TRADICIONAL,37,SANTA MARINA,"RUA ESTEVAO FURQUIM","NOSSA SENHORA DO 0"
SEX,TRADICIONAL,53,VILA MIRIAM,"RUA ANTONIO GOMES DE OLIVEIRA","VL MIRIAN"
SEX,TRADICIONAL,24,JARDIM MONJOLO,"RUA NAZARIO PAGANO","JD MONJOLO"
SEX,TRADICIONAL,108,PARQUE TIETE,"RUA SAO FRANCISCO DO HUMAITA","PQ TIETE"
SAB,TRADICIONAL,43,ITABERABA,"RUA DOS SITIANTES","LIMAO"
SÁB,TRADICIONAL,61,VILA GONCALVES,"RUA DR JOSE DE QUEIROS MATOSO","VILA GONCALVES"
SÁB,TRADICIONAL,23,MORRO GRANDE,"RUA MARIA NAZARO DA SILVA","VL BRASILANDIA"
SÁB,TRADICIONAL,99,MUNIZ BARRETO,"RUA HELCIO DA SILVA","VL BRASILANDIA"
SÁB,TRADICIONAL,25,JARDIM ANA MARIA,"RUA JAIRO PINTO ARAUJO","JD ANA MARIA"
SÁB,TRADICIONAL,13,JARDIM BRASILIA,"RUA ALEXANDRE SILVA","JARDIM BRASILIA"
DOM,TRADICIONAL,87,GUAIANAZES,"RUA COUTINHO E MELO","GUAIANAZES"
DOM,TRADICIONAL,47,COHAB-JUSCELINO KUBTSCHECK,"AV UTARO ΚΑΝΑΙ C/ FESTA CHINESA","JD SAO PAULO"
DOM,TRADICIONAL,20,JARDIM SAO PAULO,"RUA JERONIMO DIAS RIBEIRO","JARDIM SAO PAULO"
DOM,TRADICIONAL,0,CDHU CONJUNTO HAB GUAIANASES,"RUA B-10","CIDADE TIRADENTES"
DOM,TRADICIONAL,12,JARDIM FRANGANIELO,"RUA GASPAR SARDINHA","LAGEADO"
DOM,TRADICIONAL,0,VILA IOLANDA,"RUA JOAO DE SIQUEIRA AFONSO","LAGEADO"
TER,TRADICIONAL,20,VILA PRINCESA ISABEL,"RUA COMTE CARLOS RHUL","VL PRINCESA ISABEL"
QUA,TRADICIONAL,126,GUAIANAZES,"PC ANDES","GUAIANAZES"
QUA,TRADICIONAL,17,JARDIM SAO PAULO,"AV UTARO ΚΑΝΑΙ C/ FESTA CHINESA","JD SAO PAULO"
QUA,TRADICIONAL,14,JARDIM SOARES,"RUA INACIO MOREIRA","JARDIM SOARES"
QUI,TRADICIONAL,18,JARDIM SAO PAULO,"RUA IDEAL","JD SAO PAULO"
QUI,NOTURNA,17,RIBEIRAO ITAQUERA,"AV RIBEIRAO ITAQUERA","GUAIANAZES"
SEX,TRADICIONAL,18,JARDIM SAO PAULO,"RUA ALVARO DA COSTA","JARDIM SAO PAULO"
SAB,TRADICIONAL,98,JARDIM CELIA,"RUA JOAQUIM MIGUEL DUTRA","JD CELIA"
SAB,TRADICIONAL,25,VILA SAO GERALDO,"RUA CAMARGO LEME","VL SAO GERALDO"
SÁB,TRADICIONAL,14,LAJEADO,"RUA JOSE MARTINS DOS SANTOS","LAJEADO"
SÁB,TRADICIONAL,10,VILA PRINCESA ISABEL,"RUA IRMAO DEODORO","VILA PRINCESA ISABEL"
SÁB,TRADICIONAL,12,RODOLFO ALBINO SILVA,"RUA RODOLFO ALBINO SILVA","GUAINAZES"
SÁB,TRADICIONAL,35,CONJUNTO JK,"AV UTARO ΚΑΝΑΙ C/ FESTA CHINESA","JARDIM SAO PAULO"
DOM,TRADICIONAL,99,COHAB CIDADE TIRADENTES,"RUA PADRE ALDEMAR MOREIRA","STA ETELVINA"
DOM,TRADICIONAL,9,COHAB-TIRADENTES I,"RUA BARTOLINO DE PADUA","ITAQUERA"
DOM,TRADICIONAL,114,CONJUNTO STA. ETELVINA,"AV NASCER DO SOL","STA ETELVINA COHAB"
DOM,TRADICIONAL,43,COHAB SITIO CONCEICAO,"RUA WILSON FERNANDES S CARVALHO","CID TIRADENTES"
DOM,TRADICIONAL,23,CONJ HABIT FAZENDA DO CARMO,"AV HENRIQUETA NOGUEZ BRIEBA","CJ HAB FAZENDA DO CA"
DOM,TRADICIONAL,36,VILA YOLANDA II,"RUA DR ADEMAR FERREIRA DE CARVALI","VILA YOLANDA II"
QUA,TRADICIONAL,86,SANTA ETELVINA,"AV LUIS JOSE COSTA (LEANDRO)","CID TIRADENTES COHA"
QUA,TRADICIONAL,67,CIDADE TIRADENTES SETOR G,"RUA MOISES DE CORENA","CID TIRADENTES"
QUI,TRADICIONAL,19,COHAB-TIRADENTES II,"AV DOS TEXTEIS","ITAQUERA"
SEX,TRADICIONAL,158,CONJ RESID DE GUAIANAZES,"AV DR GUILHERME DE ABREU SODRE","GUAIANAZES COHAB"
SEX,TRADICIONAL,43,CIDADE TIRADENTES,"RUA DONA ELOA DO VALLE QUADROS","CID TIRADENTES"
SAB,TRADICIONAL,52,CASTRO ALVES,"RUA CORACAO DE MACA","TIRADENTES COHAB"
SAB,TRADICIONAL,33,COHAB SANTA ETELVINA IIA,"AV NASCER DO SOL","STA ETELVINA COHAB"
SAB,TRADICIONAL,82,CIDADE TIRADENTES,"RUA CRISTIANO LOBE","CID TIRADENTES COHA"
DOM,TRADICIONAL,75,IPIRANGA,"RUA AGOSTINHO GOMES","IPIRANGA"
DOM,TRADICIONAL,25,VILA SAO JOSE,"RUA OLIVEIRA MELO","VL SAO JOSE"
DOM,TRADICIONAL,53,JARDIM PREVIDENCIA,"AV INHAIBA","MOINHO VELHO"
DOM,TRADICIONAL,80,CASTELO BRANCO,"RUA ASSUNGUI C/ AMERICO RIBEIRO","VL GUMERCINDO"
DOM,TRADICIONAL,33,JARDIM DA SAUDE,"PC BRAS GONCALVES","JD DA SAUDE"
DOM,TRADICIONAL,37,VILA CRISTALIA,"RUA ANTONIO LAMAS","VL CRISTALIA"
DOM,TRADICIONAL,38,VILA INDEPENDENCIA,"LG LEON DE TOLSTOI C/ ANY","VL INDEPENDENCIA"
DOM,TRADICIONAL,37,CONJ RES HELIOPOLIS,"RUA FREIRE BRAYNER","SACOMA"
DOM,TRADICIONAL,8,PARQUE BRISTOL,"RUA PROF ARNALDO JOAO SEMERARO","PARQUE BRISTOL"
TER,TRADICIONAL,64,ALTO DO IPIRANGA,"RUA XAVIER DE ALMEIDA","ALTO DO IPIRANGA"
TER,TRADICIONAL,78,VILA DAS MERCES,"RUA BRIG AMILCAR V PEDERNEIRAS","VL DAS MERCES"
TER,TRADICIONAL,52,AGUA FUNDA,"RUA MARIO SCHIOPA","AGUA FUNDA"
TER,TRADICIONAL,18,PORONGABA,"RUA MATIAS TEIXEIRA","BOSQUE DA SAUDE"
TER,TRADICIONAL,47,SANTA EULALIA,"RUA MONTE ALVERNE","VL STA EULALIA"
TER,TRADICIONAL,18,VILA ARAPUA,"RUA RIZZIERI NEGRINI","VL ARAPUA"
TER,NOTURNA,2,FEIRA LIVRE SANTA EMILIA,"RUA HENRI CROSS","JD SANTA EMILIA"
QUA,TRADICIONAL,79,VILA MONUMENTO,"RUA GUINLE C/ FREDERICO V MARTIUS","VL MONUMENTO"
QUA,TRADICIONAL,17,CERRACAO,"RUA LINO GUEDES","MOINHO VELHO"
QUA,TRADICIONAL,111,SAO JOAO CLIMACO,"RUA JAPARATUBA","SAO JOAO CLIMACO"
QUA,TRADICIONAL,87,SANTA ANGELA,"RUA CEL FAWCETT C/ EVOLUCAO","VL MORAES"
QUA,TRADICIONAL,12,SUSSUARAMA,"RUA CINCO DE JULHO","VL NAIR"
QUA,TRADICIONAL,37,VILA VERA,"AV CEL JOSE PIRES DE ANDRADE","VL VERA"
QUA,TRADICIONAL,31,JARDIM LEAR,"RUA JOSE ANTONIO VALADARES","JD LEAR"
QUI,NOTURNA,2,FRANCISCO LEMA,"RUA FRANCISCO LEMA","JARDIM APURA"
QUI,TRADICIONAL,92,IPIRANGA,"RUA DR MARIO VICENTE","IPIRANGA"
QUI,TRADICIONAL,110,SACOMA,"RUA LINO COUTINHO","SACOMA"
QUI,TRADICIONAL,44,AURI VERDE,"RUA CAMPANTE","VL CARIOCA"
QUI,TRADICIONAL,31,JAGUARI,"PC BRAS GONCALVES","JD DA SAUDE"
QUI,TRADICIONAL,38,MARIA ESTELA,"PC DR CURADO FLEURY","JD MARIA ESTELA"
QUI,TRADICIONAL,15,SANTA CRUZ,"RUA JOSE COCCIUFFO","ALTO DO IPIRANGA"
QUI,TRADICIONAL,4,IPIRANGA,"PC PEDRO BALINT","IPIRANGA"
SEX,TRADICIONAL,28,TEREZA CRISTINA,"RUA COSTA AGUIAR","IPIRANGA"
SEX,TRADICIONAL,62,VILA GUMERCINDO,"RUA DOM ANTONIO ALVARENGA","VL GUMERCINDO"
SEX,TRADICIONAL,70,VILA DOS QUARENTA,"RUA ANGATURAMA","VL DAS MERCES"
SEX,TRADICIONAL,15,VILA BANDEIRANTES,"RUA PROF RAUL PEDERNEIRAS","VL CONDE DO PINHAL"
SEX,TRADICIONAL,72,JARDIM PATENTE,"AV PATENTE","JD PATENTE"
SEX,TRADICIONAL,42,VILA OLIVIERI,"RUA CLAUDIO FERREIRA MANOEL","VL OLIVIERI"
SEX,TRADICIONAL,38,PARQUE BRISTOL,"AV JOSE CAETANO DA ROCHA","PQ BRISTOL"
SAB,TRADICIONAL,100,SACOMA,"RUA AMERICO SAMARONE","SACOMA"
SAB,TRADICIONAL,124,VILA MORAES,"RUA DIVINOPOLIS C/ NSA DA SAUDE","VL MORAES"
SÁB,TRADICIONAL,55,VILA NAIR,"RUA DONA LEOPOLDINA","VL NAIR"
SÁB,TRADICIONAL,50,VILA CARIOCA,"RUA ALBINO DE MORAES","VL CARIOCA"
SÁB,TRADICIONAL,37,JARDIM BOTUCATU,"RUA DR EUGENIO EGAS","JD CLIMAX"
SÁB,TRADICIONAL,49,JARDIM TROPICAL,"RUA ENG JOSE BUENO BICALHO","JD TROPICAL"
SÁB,TRADICIONAL,18,SAO SAVERIO,"RUA CANCAO DO EXILIO","SACOMA"
SÁB,TRADICIONAL,14,VILA HELIOPOLIS,"RUA EMBU DE HELIOPOLIS","HELIOPOLIS"
SÁB,TRADICIONAL,16,JARDIM MARIA ESTELA,"PC PROF JAIME POGGI","JARDIM MARIA ESTELA"
SÁB,TRADICIONAL,9,SANTO ANTONIO DE CATEGERO,"RUA SANTO ANTONIO DE CATEGERO","VILA NATALIA"
DOM,TRADICIONAL,73,JARDIM CAMARGO,"RUA VALENTE DE NOVAES","JD CAMARGO"
DOM,TRADICIONAL,70,CAMARGO VELHO,"AV ACADEMIA DE SAO PAULO","JD CAMARGO NOVO"
DOM,TRADICIONAL,74,JARDIM ROBRU,"RUA BENEDITO DE SOUZA BORGES","JD ROBRU"
DOM,TRADICIONAL,112,JARDIM NAZARE,"RUA AUGUSTO ALBERECI","JD NAZARE"
DOM,TRADICIONAL,44,PARQUE SANTA RITA,"RUA TEODORO BERNARDO DO NASCIMI","PQ STA RITA"
DOM,TRADICIONAL,106,DESEMBARGADOR ISNARD DOS REIS,"RUA DESEM ISNARD DOS REIS","ITAIM PAULISTA"
DOM,TRADICIONAL,9,CDHU ITAIM PAULISTA,"RUA LINARIA","ITAIM PAULISTA"
TER,TRADICIONAL,55,VILA CURUCA,"RUA IVOTURUCAIA","VL CURUCA VELHA"
TER,TRADICIONAL,28,VILA ALABAMA,"AV ITAIM","ITAIM PAULISTA"
TER,TRADICIONAL,62,JARDIM CAMPOS,"RUA LAGOA CAJUBA","JD CAMPOS"
TER,TRADICIONAL,11,VILA NOVA CURUCA,"RUA ARVORE DE CERA","JD NOVA CURUCA"
TER,TRADICIONAL,1,KEMEL ADDAS,"RUA DESEM FAUSTO WHITAKER M ALVI","ITAIM PAULISTA"
QUA,TRADICIONAL,67,PROGRESSO,"AV JOSE BORGES DO CANTO","JD CAMARGO VELHO"
QUA,TRADICIONAL,1,JARDIM NAZARE II,"RUA JOSE GREEF BORBA","JD NAZARE"
QUA,TRADICIONAL,43,VILA ITAIM,"AV ITAIM","VL ITAIM"
QUA,TRADICIONAL,21,JARDIM GIANETTI,"RUA GUABIROBA DE MINAS","JD GIANETTI"
QUA,TRADICIONAL,0,KEMEL ADDAS,"RUA DESEM FAUSTO WHITAKER M ALVI","ITAIM PAULISTA"
QUI,TRADICIONAL,83,ITAIM,"RUA VEREDA DO PARAISO","ITAIM PAULISTA"
QUI,TRADICIONAL,35,VILA NOVA CURUCA,"RUA ΑΝΑΝΑΙ","VL NOVA CURACA"
QUI,TRADICIONAL,75,JARDIM MILIUNAS,"RUA MONSENHOR SALIM","JD MILIUNAS"
QUI,TRADICIONAL,39,JARDIM ROBRU,"RUA JOAO BARBOSA DE LIMA","JD ROBRU"
QUI,TRADICIONAL,46,JARDIM CAMARGO NOVO,"RUA CANAL DE TUTOIA","JD CAMARGO NOVO"
SEX,TRADICIONAL,48,PARQUE SANTA RITA,"RUA ANAJATUBA","PQ STA RITA"
SEX,TRADICIONAL,147,FLAMINGO,"AV FLAMINGO","VL CURUCA NOVA"
SEX,TRADICIONAL,67,CONJ HABIT PADRE NILDO,"RUA ARACARANA","VL SAO JOSE"
SAB,TRADICIONAL,155,JARDIM SILVA TELLES,"RUA CARAIPE DAS AGUAS","JD DOS IPES"
SAB,TRADICIONAL,95,JARDIM DAS OLIVEIRAS,"RUA MONSENHOR SALIM","JD DAS OLIVEIRAS"
SÁB,TRADICIONAL,73,JARDIM NELIA,"RUA ANASTACIO TRANCOSO","JD NELIA"
SÁB,TRADICIONAL,35,CONJUNTO CDHU CAMARGO VELHO,"RUA DA CONQUISTA-G","CDHU CAMARGO VELH"
DOM,TRADICIONAL,102,ITAQUERA,"RUA KEN SUGAYA","ITAQUERA"
DOM,TRADICIONAL,100,ANCHIETA,"RUA PALMEIRA LACA","JD ELIANE"
DOM,TRADICIONAL,102,PARQUE GUARANI,"RUA FLOR DE CABOCLO","PQ GUARANI"
DOM,TRADICIONAL,62,JARDIM NOVA BRASILIA,"RUA JASMIM DA ESPANHA","JD BRASILIA"
DOM,TRADICIONAL,32,SAVOY CITY,"RUA XAVIER PALMERIM","PQ SAVOY CITY"
DOM,TRADICIONAL,72,COHAB II,"PC BOM PASTOR","ITAQUERA"
DOM,TRADICIONAL,38,TERRA BRASILEIRA,"RUA TERRA BRASILEIRA","VL SUICA"
DOM,TRADICIONAL,84,ITAQUERA II,"RUA LAURA BOSS","GUAIANASES"
DOM,TRADICIONAL,20,CONJUNTO A E CARVALHO,"RUA ANDRE CAVALCANTE","VILA REGINA"
TER,TRADICIONAL,51,JARDIM NOSSA SENHORA DO CARMO,"RUA ESTEVAO DIAS VERGARA","JD NSRA DO CARMO"
TER,TRADICIONAL,62,COHAB III,"RUA FREI ANTONIO FAGGIAΝΟ","ITAQUERA"
TER,TRADICIONAL,31,JARDIM RUTH,"RUA FLOR DE PELICANO","JD CASA PINTADA"
TER,NOTURNA,4,RAINHA DA NOITE,"RUA RODOLFO BARBOSA DE CASTRO","PARQUE GUARANI"
QUA,TRADICIONAL,73,VERDE,"RUA FLOR DE SANTA CRUZ","VL VERDE"
QUA,TRADICIONAL,43,JARDIM ARIZI,"RUA UACUMA","JD ARIZI"
QUA,TRADICIONAL,111,SABADO D'ANGELO,"RUA VIRGINIA FERNI","COHAB II"
QUA,TRADICIONAL,48,JARDIM ITAPEMIRIM,"RUA DIOGO JOSE MACHADO","JD ITAPEMIRIM"
QUA,TRADICIONAL,21,VILA BRASIL,"RUA CANDIDO DE GODOI","VL BRASIL"
QUA,TRADICIONAL,3,CIDADE LIDER,"RUA JERONIMO DE BARROS","CID LIDER"
QUA,TRADICIONAL,11,DOM BOSCO,"RUA ANTONIO GANDINE","ITAQUERA"
QUI,TRADICIONAL,97,ITAQUERA,"RUA BENTO VIEIRA CASTRO","ITAQUERA"
QUI,TRADICIONAL,59,JOSE BONIFACIO,"PC BOM PASTOR","ITAQUERA"
QUI,TRADICIONAL,44,VILA CAMPANELA,"RUA CAXIU","VL CAMPANELA"
QUI,TRADICIONAL,53,SANTA MARCELINA,"RUA PRAIA DE TORRES","VL CARMOSINA"
QUI,TRADICIONAL,13,VILA CARMOSINA,"RUA VENTUROSA","VL CARMOSINA"
QUI,TRADICIONAL,10,CARLOS ALBACINI,"RUA CARLOS ALBACINI","JOSE BONIFACIO"
SEX,TRADICIONAL,65,JARDIM SANTA HELENA,"RUA SANTA EDITH","JD STA HELENA"
SEX,TRADICIONAL,83,VILA MATILDE,"RUA PEDRO LUIZ DE SOUZA","JD BRASILIA"
SEX,TRADICIONAL,71,CARMOSINA,"RUA SAO FELIX DO PIAUI","VL CARMOSINA"
SEX,TRADICIONAL,87,ZONA LESTE,"RUA ANTONIO CRESPO","COHAB II"
SEX,TRADICIONAL,23,VILA RAMOS,"AV AUGUSTO ANTUNES","VL RAMOS"
SEX,TRADICIONAL,24,JARDIM HELIAN,"RUA MANOEL BACELAR","JARDIM HELIAN"
SAB,TRADICIONAL,98,CIDADE LIDER,"RUA FRANCISCO MUNHOZ FILHO","CID LIDER"
SAB,TRADICIONAL,80,XV DE NOVEMBRO,"RUA IBIAJARA","PARADA XV NOVEMBRO"
SÁB,TRADICIONAL,17,VILA MASTROCOLA,"RUA PROF BRITO MACHADO","VL MASTROCOLA"
SÁB,TRADICIONAL,111,CONJ RESIDENCIAL DE ITAQUERA,"RUA LAURA BOSSI C ALFREDO RICCI","ITAQUERA COHAB II"
SÁB,TRADICIONAL,12,JD.SANTA TEREZINHA,"RUA CAMPO DE VINHA","JD STA TEREZINHA"
SÁB,TRADICIONAL,16,PARQUE SAVOY CITY,"RUA DR CELSO PACHECO BETIM","PQ SAVOY CITY"
SÁB,TRADICIONAL,12,VILA VERDE,"RUA BARAO DE GODOFREDO","VL VERDE"
SÁB,TRADICIONAL,31,CONJUNTO HAB FAZENDA DO CARMO,"RUA PROF HASEGAWA","GUAIANAZES"
SÁB,TRADICIONAL,10,JARDIM ITAPEMIRIM,"RUA DR OLIVIO MONTENEGRO","JARDIM ITAPEMIRIM"
SÁB,TRADICIONAL,17,VILA CARMOSINA,"RUA LAGOA FEIΑ","VILA CARMOSINA"
SÁB,TRADICIONAL,0,ITAQUERA III,"RUA DAVID D FERREIRA","ITAQUERA"
DOM,TRADICIONAL,50,CIDADE VARGAS,"PC NOVA AMERICA","CID VARGAS"
DOM,TRADICIONAL,71,SAO JOSE,"RUA HUGO VITOR DA SILVA","AMERICANOPOLIS"
DOM,TRADICIONAL,113,SANTA CATARINA,"RUA ALBA C JOAQUIM MORAIS","STA CATARINA"
TER,TRADICIONAL,78,VILA GUARANI,"AV WALDOMIRO DE LIMA","VL GUARANI"
QUA,TRADICIONAL,12,NHANDIROBAS,"RUA GRUMIXAMAS","VL GUARANI"
QUA,TRADICIONAL,13,JABAQUARA,"AV ENG ARMANDO DE ARRUDA PEREI","JABAQUARA"
QUI,TRADICIONAL,68,SANTA CATARINA,"RUA FRANKLIN MAGALHAES","STA CATARINA"
QUI,TRADICIONAL,47,VILA FACCHINI,"RUA LUIZ CARLOS FACCHINI","VL FACCHINI"
QUI,TRADICIONAL,23,VILA CAMPESTRE,"RUA ROSALIA DE CASTRO","VL CAMPESTRE"
SEX,TRADICIONAL,12,AMERICANOPOLIS,"RUA DEODORO DE CAMPOS","JABAQUARA"
SEX,TRADICIONAL,24,CIDADE LEONOR,"RUA TEJUPA","JABAQUARA"
SAB,TRADICIONAL,79,APACE,"RUA APACE","JABAQUARA"
SAB,TRADICIONAL,121,VILA GUARANI,"AV DIEDERICHSEN","VL GUARANI"
DOM,TRADICIONAL,116,JACANA,"RUA BENJAMIM PEREIRA","JACANA"
DOM,TRADICIONAL,84,FURNAS,"AV ANTONELO DA MESSINA","VL ZILDA"
DOM,TRADICIONAL,17,PENAFORTE,"RUA PENAFORTE","JD PAULISTANA"
DOM,TRADICIONAL,5,CONJUNTO JOVA RURAL,"RUA ARI DA ROCHA MIRANDA","VL NOVA GALVAO"
DOM,TRADICIONAL,5,VILA ALBERTINA,"RUA MAESTRO BORTOLUCCI","VL ALBERTINA"
TER,TRADICIONAL,26,JARDIM TREMEMBE,"RUA TEREZA BORTOLO","JD TREMEMBE"
QUA,TRADICIONAL,80,VILA NILO,"RUA DR CARLOS BASTOS ARANHA","VL NILO"
QUA,TRADICIONAL,11,CASA DE PEDRA,"RUA CEL ESDRAS DE OLIVEIRA","JD TREMEMBE"
QUA,TRADICIONAL,17,TREMEMBE,"PC DONA MARIQUINHA SCIASCIA","TREMEMBE"
QUI,TRADICIONAL,91,EDU CHAVES,"RUA LILIENTAL","TUCURUVI"
QUI,TRADICIONAL,167,VILA MAZZΕΙ,"RUA MANOEL GAYA","VL MAZZEI"
QUI,TRADICIONAL,39,VILA ALBERTINA,"RUA ELIAS DE SOUZA PINTO","VL ALBERTINA"
SEX,TRADICIONAL,25,JARDIM JOAMAR,"RUA JOSINO VIEIRA GOES","JD JOAMAR"
SAB,TRADICIONAL,82,TREMEMBE,"RUA ALMEIDA MERCES","TREMEMBE"
SAB,TRADICIONAL,21,JARDIM FONTALIS,"RUA MANOEL PEREIRA ROSA","JD FONTALIS"
DOM,TRADICIONAL,63,LAPA,"RUA FABIA C AURELIA","VL ROMANA"
DOM,TRADICIONAL,35,SANTA EDWIGES,"RUA AGAMENON MAGALHAES","STA EDWIGES"
DOM,TRADICIONAL,27,CAIOVAS,"RUA DR COSTA JUNIOR C TANABI","AGUA BRANCA"
DOM,TRADICIONAL,38,VILA JAGUARA,"RUA PEDRO HENRIQUE DE O BRAGANCA","VL JAGUARA"
DOM,TRADICIONAL,35,CENTRO INDUSTRIAL DO JAGUARE,"RUA BARCELONA","JAGUARE"
DOM,ORGANICA,0,DONA ANA GERMAINE,"RUA DONA ANA GERMAINE BUCHARD","AGUA BRANCA"
TER,TRADICIONAL,80,ALTO DAS PERDIZES,"RUA MIN GODOΥ","PERDIZES"
TER,TRADICIONAL,21,VILA ROMΑΝΑ,"RUA SEPETIBA","VL ROMANA"
TER,TRADICIONAL,26,VILA ANASTACIO,"RUA BARTOLOMEU BUENO","VL ANASTACIO"
TER,TRADICIONAL,25,JAGUARE,"RUA ROLANDIA","JAGUARE"
TER,TRADICIONAL,17,VILA PIAUI,"RUA FLOR CACHOEIRA ES DO TEIXEIRA","VL PIAUI"
TER,TRADICIONAL,0,FEIRA LINDA,"RUA HIGINO PELLEGRINI","AGUA BRANCA"
TER,TRADICIONAL,18,DRONSFIELD,"RUA DRONSFIELD","LAPA"
QUA,TRADICIONAL,112,SUMAREZINHO,"RUA CAYOWAA","SUMAREZINHO"
QUA,TRADICIONAL,81,ALTO DE VILA POMPEIA,"RUA TAVARES BASTOS","VL POMPEIΑ"
QUA,TRADICIONAL,40,PIO XI,"RUA SALES JUNIOR","ALTO DA LAPA"
QUA,TRADICIONAL,16,VILA JAGUARA,"RUA CACHOEIRA DO SUL","VL JAGUARA"
QUA,TRADICIONAL,62,VILA HAMBURGUESA,"RUA LAURO MULLER","VL HAMBURGUESA"
QUA,TRADICIONAL,2,FILOMENA MATARAZZO,"RUA FILOMENA MATARAZZO","LAPA"
QUA,TRADICIONAL,0,ABRAHAO BEREZIN,"RUA PROFESSOR ABRAHAO BEREZIN","BARRA FUNDA"
QUI,TRADICIONAL,101,JOAO RAMALHO,"RUA AIMBERE C CAIUBI","PERDIZES"
QUI,TRADICIONAL,34,AGUA BRANCA,"RUA SILVEIRA RODRIGUES C/ MARIO","VL ROMANA"
QUI,TRADICIONAL,46,ALTO DA LAPA,"RUA DOM JOAO V C SACADURA CABRAL","ALTO DA LAPA"
QUI,TRADICIONAL,29,VILA LEOPOLDINA,"RUA ALIANCA LIBERAL","VL LEOPOLDINA"
QUI,TRADICIONAL,28,LAGEADO,"AV ARAICAS","JAGUARE"
QUI,TRADICIONAL,10,PRACA MELVIM JONES,"PCA MELVIM JONES","LAPA"
SEX,TRADICIONAL,6,VILA IPOJUCA,"RUA SALVADOR CARUSO","VL IPOJUCA"
SEX,TRADICIONAL,87,VILA POMPΡΕΙΑ,"RUA MIN FERREIRA ALVES C/ TUCUNA","VL POMPEIA"
SAB,TRADICIONAL,60,ALTO DE VILA POMPEIΑ,"RUA BARAO DO BANANAL C COARI","VL POMPEIA"
SAB,ÔRGANICA,0,DONA ANA GERMAINE,"RUA DONA ANA GERMAINE BUCHARD","AGUA BRANCA"
SAB,TRADICIONAL,11,CENTRAL PARK LAPA,"RUA DOM ROMEU ALBERTI","LAPA DE BΑΙΧΟ"
DOM,TRADICIONAL,70,CONCORDIA,"RUA CONSELHEIRO BELISARIO","BRAS"
DOM,TRADICIONAL,86,MOOCA MODERNA,"RUA DOS TRILHOS C BRESSER","BRESSER"
DOM,TRADICIONAL,48,TOLEDO BARBOSA,"RUA BELARMINO MATOS","QUARTA PARADA"
DOM,TRADICIONAL,84,MAE DO CEU,"RUA TUIUTI","TATUAPE"
DOM,TRADICIONAL,56,PIRASSUNUNGA,"RUA TEREZINA","ALTO DA MOOCA"
DOM,TRADICIONAL,94,VILA DIVA,"RUA BUENOPOLIS","VL DIVA"
TER,TRADICIONAL,38,SILVA TELLES,"RUA DR CARLOS GUIMARAES","BELEM"
TER,TRADICIONAL,72,MORAES BARROS,"RUA FIRMIANO PINTO","BRAZ"
TER,TRADICIONAL,10,PARQUE DA MOOCA,"RUA CONDE PRATES","PQ DA MOOCA"
TER,TRADICIONAL,33,FERNANDES FALCAO,"RUA PIRES DE CAMPOS","MOOCA"
TER,TRADICIONAL,78,AGUA RASA,"RUA DECIO ABRAMO","AGUA RASA"
TER,TRADICIONAL,83,TATUAPE,"RUA ANDRE VIDAL C/ ALM CALHEIROS","TATUAPE"
TER,TRADICIONAL,64,MARANHAO,"RUA MATEUS GOMES","TATUAPE"
TER,TRADICIONAL,101,VILA EMA,"RUA DR JOAO BIZARRO DA NAVE","VL EMA"
TER,TRADICIONAL,31,CACHOEIRA,"RUA CAP MOR PASSOS","PARI"
TER,NOTURNA,10,PRACA AGENTE CICERO,"PCA AGENTE CICERO","BRAS"
QUA,TRADICIONAL,100,CONCORDIA,"RUA SAMPSON C MENDES JUNIOR","BRAS"
QUA,TRADICIONAL,26,MOOCA MODERNA,"RUA DOS TRILHOS C BRESSER","MOOCA"
QUA,TRADICIONAL,66,CANINDE,"RUA VIDAL DE NEGREIROS","CANINDE"
QUA,TRADICIONAL,72,MOOCA,"RUA MADRE DE DEUS","MOOCA"
QUA,TRADICIONAL,55,UMUARAMA,"RUA MIN SALGADO FILHO","VL ORATORIO"
QUA,TRADICIONAL,26,PRACA DAS ROSAS,"RUA LUIZA CANERO","VL CANERO"
QUA,TRADICIONAL,47,RODRIGUES BARBOSA,"RUA SEBASTIAO BARBOSA","TATUAPE"
QUA,TRADICIONAL,18,PRACA LUZITANIA,"RUA AIRI","TATUAPE"
QUA,TRADICIONAL,25,VILA SAO CARLOS,"RUA ERNESTO GIULIANO","VL SAO CARLOS"
QUI,TRADICIONAL,37,PAULO ANDREGUETTI,"RUA SILVA TELES","BELENZINHO"
QUI,TRADICIONAL,125,BELEM,"RUA IRMA CAROLINA","BELENZINHO"
QUI,TRADICIONAL,56,TRILHOS,"RUA PROF MACHADO TOLOSA","BELENZINHO"
QUI,TRADICIONAL,41,VILA BERTIOGA,"RUA FLORIANOPOLIS","ALTO DA MOOCA"
QUI,TRADICIONAL,44,VILA PRUDENTE,"RUA DOMINGOS DA FONSECA","VL PRUDENTE"
QUI,TRADICIONAL,27,MAE DO CEU,"RUA VISCONDE DE ITABORAY","TATUAPE"
QUI,TRADICIONAL,16,VILA ORATORIO,"RUA SILVA COUTINHO","VL PRUDENTE"
QUI,TRADICIONAL,56,ANTONIO DE BARROS,"RUA PLATINA","TATUAPE"
SEX,TRADICIONAL,53,JULIO RIBEIRO,"RUA HENRIQUE DIAS","BRAZ"
SEX,TRADICIONAL,95,PANTOJO,"RUA BOM JESUS","ALTO DA MOOCA"
SEX,TRADICIONAL,92,MARIA CANDIDA,"RUA ANTONIO CAMARDO","TATUAPE"
SEX,TRADICIONAL,47,SAO JORGE,"RUA SANTA CATARINA","TATUAPE"
SEX,ÔRGANICA,12,FEIRA LIVRE ORGANICOS DA MOOCA,"RUA DOS TRILHOS","MOOCA"
SEX,NOTURNA,11,PRACA AGENTE CICERO,"PCA AGENTE CICERO","BRAS"
SEX,TRADICIONAL,2,SAO JOSE DO BELEM,"LG SAO JOSE DO BELEM","BELENZINHO"
SAB,TRADICIONAL,132,PARI,"RUA MENDES GONCALVES","PARI"
SAB,TRADICIONAL,55,MOOCA,"RUA TABAJARAS","MOOCA"
SÁB,TRADICIONAL,53,VILA LESTE,"RUA VALENTIM MAGALHAES","VL LESTE"
SÁB,TRADICIONAL,94,ITAMARACA,"RUA SERRA DE JAIRE","ALTO DA MOOCA"
SÁB,TRADICIONAL,13,IRMA CAROLINA,"RUA ENG REINALDO CAJADO","BELENZINHO"
SÁB,TRADICIONAL,56,VILA INVERNADA,"RUA DOM PEDRO I","VL INVERNADA"
SÁB,TRADICIONAL,10,CHACARA MARANHAO,"RUA ADELINO DE ALMEIDA CASTILHO","TATUAPE"
SÁB,TRADICIONAL,55,BRAS MODERNA,"RUA TORQUATO ΝΕΤΟ","BRAS"
DOM,TRADICIONAL,65,PENHA,"RUA OMACHA","PENHA"
DOM,TRADICIONAL,45,VILA DALILA,"PC BAUXITA","VL DALILA"
DOM,TRADICIONAL,71,MARIA CARLOTA,"RUA NILZA","VL ESPERANCA"
DOM,TRADICIONAL,98,ARTUR ALVIM,"RUA BENEDITO LEAL","PQ ARTUR ALVIM"
DOM,TRADICIONAL,22,EDIMBURGO,"RUA GOITA","CANGAIBA"
DOM,TRADICIONAL,42,VILA SAO LOURENCO,"PC DO HORTICULTORES","ENG GOULART"
DOM,TRADICIONAL,53,VILA SILVIA,"RUA PASTORIL DE ITAPETINGA","VL SILVIA"
DOM,TRADICIONAL,33,CEZAR DIAS,"RUA CESAR DIAS","ITAQUERA"
DOM,TRADICIONAL,2,GUAIAUNA,"RUA GUAIAUNA","PENHA DE FRANCA"
TER,TRADICIONAL,21,MIRANDINHA,"RUA MIRANDINHA","PENHA"
TER,TRADICIONAL,105,OURO,"RUA MIGUEL GARCIA","VL PAULISTANIA"
TER,TRADICIONAL,39,VILA NOVA GRANADA,"RUA FRANCISCO DE OLIVEIRA BRAGA","VL NOVA GRANADA"
TER,TRADICIONAL,38,VILA GUILHERMINA,"RUA ASSIS VALENTE C GIL RIBEIRO","VL GUILHERMINA"
TER,TRADICIONAL,105,JARDIM TRES MARIAS,"RUA MUNICIPAL","TRES MARIA"
TER,TRADICIONAL,20,VILA TALARICO,"RUA BENTO QUIRINO","VL TALARICO"
TER,TRADICIONAL,47,JARDIM COIMBRA,"RUA PITAGORAS","JD COIMBRA"
TER,TRADICIONAL,43,JARDIM DANFER,"RUA JOSE DA PENHA","JD DANFER"
TER,TRADICIONAL,18,CANGAIBA,"RUA BARTOLOMEU QUADROS","CANGAIBA"
QUA,TRADICIONAL,41,PENHA,"RUA PEDRO ALEGRETTI","PENHA"
QUA,TRADICIONAL,33,MARIA CARLOTA,"RUA MARIA CARLOTA","PENHA"
QUA,TRADICIONAL,68,PELAGIO MARQUEZ,"RUA DURVALINA","VL MATILDE"
QUA,TRADICIONAL,20,ENGENHEIRO TRINDADE,"RUA ENG TRINDADE","PENHA"
QUA,TRADICIONAL,33,PRACA ARTUR ALVIM,"RUA BENEDITO LEAL","ARTUR ALVIM"
QUA,TRADICIONAL,104,PATROCINIO PAULISTA,"RUA IVAN MAIA VASCONCELOS","JD TRIANA"
QUA,TRADICIONAL,17,VILA NHOCUNE,"RUA MADRE LUISA DOS ANJOS","VL NHOCUNE"
QUA,NOTURNA,18,TIQUATIRA,"RUA PAULO MARQUES","VILA VIDAL"
QUA,TRADICIONAL,47,ITAQUERA,"RUA ANDREA FELICIANI","ARTUR ALVIM"
QUI,TRADICIONAL,58,ENGENHEIRO GOULART,"RUA DR AUGUSTO S LOPES","ENG GOULART"
QUI,TRADICIONAL,114,JARDIM NORDESTE,"AV MARAIAL","JD NORDESTE"
QUI,TRADICIONAL,0,PRINCEZA IZABEL,"RUA CAP JOSE LEITE","VL MATILDE"
QUI,TRADICIONAL,68,PADRE JOSE DE ANCHIETA,"RUA SILVIO TORRES","ITAQUERA СОНАВ"
QUI,TRADICIONAL,11,RUI BARBOSA,"AV DA JUSTICA","VL RUI BARBOSA"
SEX,TRADICIONAL,10,NOSSA SENHORA DE FATIMA,"PC MARIA HELENA BONELLI PALMA","VILA RUI BARBOSA"
SEX,TRADICIONAL,54,GUAIAUNA,"RUA EDGARD DE SOUZA","VL ARICANDUVA"
SEX,TRADICIONAL,66,VILA SINANDUVA,"RUA SINANDUVA","VL MARIETA"
SEX,TRADICIONAL,13,VILA GUILHERMINA,"RUA SANTO ALEXANDRE","VL GUILHERMINA"
SEX,TRADICIONAL,97,JARDIM MARINGA,"RUA MENDONCA DRUMONT","JD MARINGA"
SEX,TRADICIONAL,56,VILA RE,"RUA MUNICIPAL","VL RE"
SEX,TRADICIONAL,98,VILA NHOCUNE,"RUA SAO VITORIO","VL NHOCUNE"
SEX,TRADICIONAL,111,VILA CISPER,"RUA JOSE GOMES FARIA","VL CISPER"
SEX,NOTURNA,5,CONJUNTO HABIT VILA SILVIA,"RUA SERRA VERDE","VILA SILVIA"
SEX,TRADICIONAL,1,PRACA DO ROSARIO,"PCA DO ROSARIO","PENHA DE FRANCA"
SEX,TRADICIONAL,2,MORCEGAO,"PCA DILVA GOMES","PENHA"
SEX,TRADICIONAL,12,PRACA DO CERQUILHO,"PC DANILO JOSE FERNANDES","PENHA"
SAB,TRADICIONAL,19,VILA CAREZZI,"RUA GENERAL SOCRATES","PENHA"
SAB,TRADICIONAL,77,VILA SANTΑΝΑ,"RUA ENEAS DE BARROS","VL SANTANA"
SÁB,TRADICIONAL,66,JOSE MASCARENHAS,"AV MELCHERT","VL MATILDE"
SÁB,TRADICIONAL,77,CIDADE PATRIARCA,"RUA CACHOEIRA PAULISTA","CID PATRIARCA"
SÁB,TRADICIONAL,142,CIDADE A E CARVALHO,"RUA TALES DE MILETO","CID A E CARVALHO"
SÁB,TRADICIONAL,183,PADRE MANOEL DA NOBREGA,"RUA PDE FRANCISCO DE TOLEDO","ITAQUERA СОНАВ"
SÁB,TRADICIONAL,38,IMPERIAL,"AV GENTIL BRAGA","VL BUENOS AYRES"
SÁB,TRADICIONAL,46,PRACA SANTA QUITERIA,"RUA JOSE ALOYSIO BRANDAO VILELA","JD NORDESTE"
SÁB,TRADICIONAL,14,JARDIM PIRATININGA,"RUA ADELINA LINHARES","JD PIRATININGA"
SÁB,TRADICIONAL,0,CRUBIXA,"RUA CRUBIXA","VL ARAGUAIA"
DOM,TRADICIONAL,19,VILA OLIMΡΙΑ,"RUA HELION POVOA","VL OLIMPIA"
DOM,TRADICIONAL,48,CIDADE MONCOES,"AV NOVA INDEPENDENCIA","CID MONCOES"
DOM,TRADICIONAL,56,HEITOR PENTEADO,"RUA OSCAR FREIRE","SUMARE"
DOM,TRADICIONAL,35,HADDOCK LOBO,"AL LORENA","JD AMERICA"
DOM,TRADICIONAL,0,PADRE CARVALHO,"RUA PDE CARVALHO","PINHEIROS"
TER,TRADICIONAL,57,BREJO ALEGRE,"RUA INDIANA","STO AMARO"
TER,TRADICIONAL,83,BROOKLIM PAULISTA,"RUA ROQUE PETRELA","BROOKLIM PAULISTA"
TER,TRADICIONAL,88,PINHEIROS,"PC BENEDITO CALIXTO","PINHEIROS"
TER,TRADICIONAL,107,CHACARA ITAIM,"RUA PROF TAMANDARE DE TOLEDO","JD PAULISTA"
QUA,TRADICIONAL,42,JARDIM DAS BANDEIRAS,"RUA LUMINARIAS","JD DAS BANDEIRAS"
QUA,TRADICIONAL,43,EPEIRA,"RUA PDE ARTUR SOMENSI","VL BEATRIZ"
QUA,TRADICIONAL,68,CIDADE MONCOES,"RUA PENSYLVAΝΙΑ","CID MONCOES"
QUA,TRADICIONAL,27,FERNAO CARDIM,"RUA FERNAO CARDIM","CERQUEIRA CESAR"
QUA,ÔRGANICA,9,LARGO DA BATATA,"RUA DR MANOEL CARLOS F DE ALMEIDA","PINHEIROS"
QUA,TRADICIONAL,0,NAPOLEAO MICHEL,"RUA NAPOLEAO MICHEL","ITAIM BIBI"
QUI,TRADICIONAL,201,JARDIM AMERICA,"RUA BARAO DE CAPANEMA","JD AMERICA"
QUI,TRADICIONAL,134,CERQUEIRA CEZAR,"RUA ANTONIO BICUDO","CERQUEIRA CEZAR"
QUI,TRADICIONAL,35,PORTO,"RUA JOAO CACHOEIRA C/ DR F HAIDAR","VL OLIMPIA"
QUI,TRADICIONAL,35,AMARO CAVALHEIRO,"RUA EUGENIO DE MEDEIROS","PINHEIROS"
QUI,TRADICIONAL,32,VILA IDA,"RUA REALENGO","VL IDA"
SEX,TRADICIONAL,176,JARDIM PAULISTA,"RUA CAP PINTO FERREIRA C/ BATATAES","JD PAULISTA"
SEX,TRADICIONAL,53,VILA UBERABINHA,"RUA BALUARTE","VL OLIMPIA"
SEX,TRADICIONAL,49,BROOKLIN PAULISTA,"RUA GODOI COLACO","BROOKLIN PAULISTA"
SEX,TRADICIONAL,27,DARDANELOS,"RUA DARDANELOS","LAPA"
SEX,TRADICIONAL,10,CONCEICAO DE MONTE ALEGRE,"RUA CONCEICAO DE MONTE ALEGRE","CIDADE MONCOES"
SAB,TRADICIONAL,26,IGUATEMI,"RUA SAO MARUM","ITAIM BIBI"
SAB,TRADICIONAL,137,VILA MADALENA,"RUA MOURATO COELHO","VL MADALENA"
DOM,TRADICIONAL,34,VILA BONILHA,"RUA ANTONIO CORREIA","VL BONILHA"
DOM,TRADICIONAL,86,JARDIM SAO JOAO,"RUA PASTORIL DE ALMENARA","PQ PAN AMERICANO"
DOM,TRADICIONAL,21,JARDIM JOSE MARIA,"RUA SALTO DE ITARARE","JD JOSE MARIA"
DOM,TRADICIONAL,4,JARDIM CITY JARAGUA,"RUA SAMUEL BOVY","JARDIM CITY JARAGUA"
DOM,TRADICIONAL,3,GRAND PLAZA,"PA GRAND RESERVA PAULISTA","JD IRIS"
DOM,TRADICIONAL,18,SANTA MONICA,"RUA AMILCAR DE MAGALHAES","PIRITUBA"
TER,TRADICIONAL,70,JARDIM SAO JOSE,"RUA PDE MARIANO RONCHI","JD SAO JOSE"
TER,TRADICIONAL,47,PARQUE SAO DOMINGOS,"RUA RUA BRIG HENRIQUE FONTENELLE","PQ SAO DOMINGUES"
TER,TRADICIONAL,6,PARQUE NACOES UNIDAS,"RUA CIRIACO JIMENEZ","PQ NACOES UNIDAS"
TER,TRADICIONAL,37,VILA AURORA,"RUA ALEIXOS JAFET","VILA AURORA"
QUA,TRADICIONAL,19,PIQUERI,"RUA SALVADOR SALA","PIQUERI"
QUA,TRADICIONAL,32,CHACARA INGLESA,"RUA PEDRO MARIGLIANI","CHAC INGLESA"
QUA,TRADICIONAL,12,JARDIM REGINA,"RUA PDE MARCIGAGLIA","JD REGINA"
QUA,TRADICIONAL,44,JARDIM PANAMERICANO,"RUA ANTONIO SEBASTIAO SOBRINHO","PQ PAN AMERICANO"
QUA,TRADICIONAL,62,JARDIM IPΑΝΕΜΑ,"RUA VASCO BALBOA","JD IPANEMA"
QUA,TRADICIONAL,25,JARDIM CIDADE PIRITUBA,"RUA GONCALVES DE BARROS","JD PIRITUBA"
QUA,TRADICIONAL,129,PIRITUBA,"AV ELISIO CORDEIRO DE SIQUEIRA","JARIDM"
QUA,TRADICIONAL,11,TRAV SAO GABRIEL,"TRA SAO GABRIEL DA CACHOEIRA","JD IRIS"
QUA,TRADICIONAL,15,PRETA,"RUA PRETA","JD IRIS"
QUI,TRADICIONAL,112,JARDIM SAO JOSE,"RUA VIGARIO DE GODOY","VL ZATT"
QUI,TRADICIONAL,27,VILA MANGALOT,"RUA SANDOVAL FERREIRA CABRAL","VL JAGUARA"
QUI,TRADICIONAL,111,ESTRADA DA PARADA,"RUA FRAGATA DA CONSTITUICAO","PARADA DE TAIPAS"
QUI,TRADICIONAL,17,ANHEMBI,"RUA COLONIAL DO IRAI","JD MAGGI"
QUI,TRADICIONAL,15,JARDIM SANTA MONICA,"AV SANTA MONICA","JARDIM SANTA MONIC"
QUI,NOTURNA,1,GRAND RESERVA II,"PC GRAND RESERVA PAULISTA","JARDIM IRIS"
SEX,TRADICIONAL,34,MUTINGA,"RUA MARIA LUCIA DUARTE","VL MUTINGA"
SEX,TRADICIONAL,24,JARAGUA,"AV JERIMANDUBA","VL JARAGUA"
SEX,TRADICIONAL,20,JARDIM RINCAO,"RUA DR CARMELO D'AGOSTINHO","JD RINCAO"
SEX,TRADICIONAL,14,SERRA DO CACHIMBO,"RUA SERRA DO CACHIMBO","JARDIM VITORIA"
SEX,TRADICIONAL,51,PARADA DE TAIPAS,"RUA JOSE PIZZA","PARADA DE TAIPAS"
SEX,TRADICIONAL,13,JARDIM MARISA,"RUA JOSE PEREIRA FALCAO","JARDIM MARISA"
SAB,TRADICIONAL,12,PIRITUBA,"RUA SANTA CRUZ DE LA SIERRA","PIRITUBA"
SAB,TRADICIONAL,60,VILA MIRANTE,"RUA POVOADO DO RIO NOVO","VL MIRANTE"
SÁB,TRADICIONAL,84,JARDIM MONTE ALEGRE,"RUA JURUBIM","PIRITUBA"
SÁB,TRADICIONAL,5,PRACA VISTA ALEGRE,"RUA JOSE ATALIBA ORTIZ","VL MANGALOT"
SÁB,TRADICIONAL,23,JARDIM DA FELICIDADE,"RUA LAUDELINO VIEIRA DE CAMPOS","JD DA FELICIDADE"
SÁB,TRADICIONAL,48,CIDADE D ABRIL,"RUA MAURO ARAUJO RIBEIRO","CID D ABRIL"
SÁB,TRADICIONAL,23,JARDIM MARILU,"RUA MAXIMO BARBOSA","JD MARILU"
SÁB,TRADICIONAL,30,JARDIM N SRA APARECIDA,"RUA LARANJEIRAS DO SUL","PIRITUBA"
SÁB,TRADICIONAL,29,FEIRAO ESPECIAL DE PIRITUBA,"PC MONSENHOR ESCRIVA","JD SAO JOSE"
SÁB,TRADICIONAL,21,INTERATIVA,"RUA INTERATIVA","JARDIM PAULISTANO"
SÁB,TRADICIONAL,7,VILA NOVA ESPERANCA,"RUA CALDAS NOVAS","VILA NOVA ESPERANCA"
SÁB,TRADICIONAL,15,PRETA,"RUA PRETA","JD IRIS"
DOM,TRADICIONAL,38,JARDIM DO RUSSO,"RUA ENG NOGUEIRA SOARES","JD DO RUSSO"
DOM,TRADICIONAL,63,JARDIM BRITANIA,"RUA ALBERTO GENTILE","JD BRITANIA"
DOM,TRADICIONAL,25,VILA FANTON,"RUA FELIPE CARDOSO CAMPOS","VL FANTON"
TER,TRADICIONAL,24,PERUS,"RUA JOAO BATISTIA FANTON","VL FONTON"
QUI,NOTURNA,6,VILA CAIUBA,"RUA IRITUA","VILA CAIUBA"
SEX,TRADICIONAL,107,VILA OPERARIA,"RUA RAPHAEL DI SANDRO","PERUS"
SEX,TRADICIONAL,21,VILA MALVINA,"RUA TIBURNO","VL MALVINA"
SEX,NOTURNA,15,PERUS,"RUA ANTONIO BARTOLOMEU","VL PERUS"
SAB,TRADICIONAL,11,JARDIM JARAGUA,"RUA PRESIDENTE FELIX PAIVA","JD JARAGUA"
SAB,TRADICIONAL,47,RECANTO DOS HUMILDES,"RUA RECANTO DOS HUMILDES","RECANTO DOS HUMILD"
DOM,TRADICIONAL,166,MANDAQUI,"AV ENGENHEIRO CAETANO ALVARES","MANDAQUI"
DOM,TRADICIONAL,26,SANTA TEREZINHA,"RUA VICENTE SOARES","STA TEREZINHA"
DOM,TRADICIONAL,48,TUCURUVI,"RUA CASA FORTE","TUCURUVI"
DOM,TRADICIONAL,22,JARDIM TREMEMBE,"RUA MERE MARIE ANNAIS DO SION","VL NOVA MAZZEI"
DOM,TRADICIONAL,61,VILA GUSTAVO,"RUA CANEDOS","VILA GUSTAVO"
TER,TRADICIONAL,78,AGUA FRIA,"RUA AURELIANO LEAL C GUATIAIA","AGUA FRIA"
TER,TRADICIONAL,33,PARQUE VITORIA,"AV MAESTRO VILA LOBOS","PQ VITORIA"
TER,TRADICIONAL,38,ITAICY,"RUA ITAICY","STA TEREZINHA"
TER,TRADICIONAL,9,MANDAQUI,"RUA GENERAL JOSE ALMEIDA BOTELHO","MANDAQUI"
QUA,TRADICIONAL,61,SANTANA,"RUA GABRIEL PIZZA","SANTANA"
QUA,TRADICIONAL,79,JARDIM SAO BENTO,"RUA CAP MANOEL NOVAES","JD SAO BENTO"
QUA,TRADICIONAL,35,CHORA MEΝΙΝΟ,"RUA DR EUGENIO FORTES COELHO","CHORA MEΝΙΝΟ"
QUA,TRADICIONAL,71,TANQUE VELHO,"RUA TANQUE VELHO","VL GUSTAVO"
QUA,TRADICIONAL,27,CONEGO LADEIRA,"RUA ARAGAO","VL MAZZEI"
QUA,TRADICIONAL,2,SANTA INES,"RUA ANA DE BARROS","STA INES"
QUA,TRADICIONAL,22,CABUCU,"RUA MARIA DO CARMO SENE","VL PAULICEIA"
QUA,TRADICIONAL,27,JOAO PESSOA,"RUA RIBEIRAO DO SALTO","LAUSANE PAULISTA"
QUA,TRADICIONAL,14,PALMAS DO TREMEMBE,"PC ANTONIO JOSE DE ARAUJO","PALMAS DO TREMEMB"
QUI,TRADICIONAL,26,MANOEL SOVERAL,"RUA ANTONIO PEREIRA DE SOUZA","SANTANA"
QUI,TRADICIONAL,34,ALTO DO MANDAQUI,"RUA ALVARO GOMES","SANTANA"
QUI,TRADICIONAL,122,SANTANA,"AV ENGENHEIRO CAETANO ALVARES","SANTANA"
SEX,TRADICIONAL,12,AREAL,"RUA TUPIGUAES","SANTANA"
SEX,TRADICIONAL,21,CHORA MEΝΙΝΟ,"RUA PROF LOURIVAL GOMES MACHADO","VL STA TEREZINHA"
SEX,TRADICIONAL,73,JARDIM SAO PAULO,"RUA PROF JOAQUIM OZORIO DE AZEVE","JD SAO PAULO"
SEX,TRADICIONAL,79,AV SAO PAULO,"AV MAESTRO VILLA LOBOS","TUCURUVI"
SEX,TRADICIONAL,5,VILA AURORA,"RUA ALBERTINA VIEIRA DA S GORDO","VL AURORA"
SAB,TRADICIONAL,102,IMIRIM,"RUA FRANCISCA BIRIBA","IMIRIM"
SAB,TRADICIONAL,41,SANTANA,"RUA PEDRO RIBEIRO","SANTANA"
SÁB,TRADICIONAL,17,VILA CONSTANCIA,"RUA SEBASTIAO DE FREITAS","VL CONSTANCA"
SÁB,TRADICIONAL,97,BORGES,"RUA CRUZ DE MALTA","RODRIGUES ALVES"
SÁB,TRADICIONAL,52,LAUZANE PAULISTA,"RUA DONA MARIA CUSTODIA","LAUZANE PAULISTA"
SÁB,TRADICIONAL,55,SANTO ANΤΟΝΙΟ,"PC SALVADOR TOLEZANO","LAUZANE PAULISTA"
SÁB,TRADICIONAL,31,HERISON,"RUA HERISON","LAUZANE PAULISTA"
DOM,TRADICIONAL,67,CAMPO GRANDE,"RUA ARNALDO MAGNICARO","JD JURUBATUBA"
DOM,TRADICIONAL,20,SANTO AMARO,"AV MARIO LOPES LEAO","STO AMARO"
DOM,TRADICIONAL,34,FEIRAO ECON C DE PORTO ALEGRE,"RUA CONDE DE PORTO ALEGRE","CAMPO BELO"
TER,TRADICIONAL,43,JOAO DIAS,"RUA DO CARREIRO DE PEDRA","VL CRUZEIRO"
TER,TRADICIONAL,25,GIL EANES,"RUA GIL EANES","CAMPO BELO"
QUA,TRADICIONAL,67,CAMPO BELO,"RUA BARAO DE JACEGUAI","STO AMARO"
QUA,TRADICIONAL,53,CHACARA SANTO ANTΟΝΙΟ,"RUA ALEXANDRE DUMAS","CHAC STO ΑΝΤΟΝΙΟ"
QUA,TRADICIONAL,93,PIRAQUARA,"RUA CRISTOVAO PEREIRA","CAMPO BELO"
QUA,TRADICIONAL,44,VILA ISA,"RUA AMOIPIRA","VL ISA"
QUA,TRADICIONAL,13,PRACA FLORIANO PEIΧΟΤΟ,"PCA FLORIANO ΡΕΙΧΟΤΟ","SANTO AMARO"
QUI,TRADICIONAL,64,JARDIM AEROPORTO,"RUA TAPES","JD AEROPORTO"
QUI,TRADICIONAL,32,BROOKLIN PAULISTA,"RUA CONDE DE PORTO ALEGRE","CAMPO BELO"
QUI,TRADICIONAL,15,CONGONHAS,"AV INVERNADA","CONGONHAS"
QUI,TRADICIONAL,39,MONARK,"RUA DA PAZ","CHAC STO ΑΝΤΟΝΙΟ"
QUI,ÔRGANICA,14,SANTO AMARO,"RUA SAO BENEDITO","SANTO AMARO"
SEX,TRADICIONAL,36,DEODORO,"RUA COMEN ELIAS ZARZUR","STO AMARO"
SEX,TRADICIONAL,12,JARDIM CONSORCIO,"RUA JOAO BATISTA DI VITORIANO","JD CONSORCIO"
SEX,TRADICIONAL,8,VILA ARRIETE,"RUA ORLANDO PINTO RIBEIRO","VL ARRIETE"
SEX,TRADICIONAL,39,VILA SAO PEDRO,"PC ALEXANDRE N AKSAKOF","VL SAO PEDRO"
SEX,TRADICIONAL,10,CHACARA FLORA,"RUA FREI CANISIO","VL SOFIA"
SEX,TRADICIONAL,101,SANTO AMARO,"AV PROF ALCEU MAYNARD ARAUJO","VARZEA DE BAIXO"
SAB,TRADICIONAL,85,CONJUNTO ASTOR,"RUA HELADE","VL STA CATARINA"
SAB,TRADICIONAL,9,PARQUE JABAQUARA,"RUA BONIFACIO DE ABREU","PQ JABAQUARA"
SÁB,TRADICIONAL,17,IGUATINGA,"RUA ENG TOMAS WHATELY","STO AMARO"
SÁB,TRADICIONAL,56,PETROPOLIS,"RUA BELA VISTA","VL UNIAO"
SÁB,TRADICIONAL,76,PIRAQUARA,"RUA OTAVIO TARQUINIO DE SOUZA","PIRAQUARA"
SÁB,TRADICIONAL,85,SABARA,"RUA JOAQUIM NEVES MONTEIRO","STO AMARO"
SÁB,TRADICIONAL,16,PRACA FLORIANO PEΙΧΟΤΟ,"PCA FLORIANO ΡΕΙΧΟΤΟ","SANTO AMARO"
DOM,TRADICIONAL,113,JARDIM SAO VICENTE,"AV PROF ASSIS VELOSO","JD SAO VICENTE"
DOM,TRADICIONAL,34,JARDIM HELENA,"RUA CAMOMILA","JD HELENA"
DOM,TRADICIONAL,228,VILA MARA,"RUA SAO GONCALO DO RIO DAS PEDRA","PQ PAULISTANO"
DOM,TRADICIONAL,46,VILA ITAIM,"RUA CACHOEIRA MANGAVAL","ITAIM PAULISTA"
DOM,TRADICIONAL,69,VILA PROGRESSO,"RUA CRIUVA","VL PROGRESSO"
DOM,TRADICIONAL,31,VILA JACUI,"RUA TEJUGUACU","VL JACUI"
DOM,TRADICIONAL,30,VILA NORMA,"RUA GLICERIO RODRIGUES","VL NORMA"
DOM,TRADICIONAL,12,SAO FRANCISCO,"AV JOSE MARTINS LISBOA","SAO FRANCISCO"
TER,TRADICIONAL,116,LIMOEIRO,"AV MANOEL DOS SANTOS BRAGA","LIMOEIRO"
TER,TRADICIONAL,54,JOSE NUNES,"AV PAU D'ARCO ROXO","CID PEDRO JOSE NUNES"
TER,TRADICIONAL,24,PARQUE SONIA,"RUA INAJA GUACU","VL PROGRESSO"
TER,TRADICIONAL,73,JARDIM MΑΙΑ,"RUA FRANCISCO ANTONIO MEIRA","JD MAIA"
TER,TRADICIONAL,22,VILA SILVESTRE,"AV ANTONIO BERNARDO SILVESTRE","VL SAO SILVESTRE"
TER,TRADICIONAL,10,ANGELO LAPENA,"RUA MIGUEL ANGELO LAPΕΝΑ","SAO MIGUEL"
QUA,TRADICIONAL,69,VILA JACUI,"RUA TSUTOMU HENNI","VL JACUI"
QUA,TRADICIONAL,161,VILA HELENA,"RUA SANTA ROSA DE LIMA","PQ PAULISTANO"
QUA,TRADICIONAL,75,CECILIA ITER,"AV MONS AGNELO","VL PROGRESSO"
QUA,TRADICIONAL,71,JARDIM ROMANO,"RUA DIOGO GONCALVES LACO","JD ROMANO"
QUA,NOTURNA,0,SAO GONCALO DO RIO DAS PEDRAS,"RUA SAO GONCALO DO RIO DAS PEDRA","VILA MARA"
QUA,TRADICIONAL,2,DANIEL BERNARDO,"RUA DANIEL BERNARDO","VL AMERICANA"
QUA,NOTURNA,7,PRAA DO FORRO,"PA ALEIXO MONTEIRO MAFRA","SPO MIGUEL"
QUI,TRADICIONAL,113,JARDIM VERA CRUZ,"AV MOACIR DANTAS ITAPICURU","CID NOVA S MIGUEL"
QUI,TRADICIONAL,58,VILA NOEΜΙΑ,"RUA VISTOSA DE MADRE DE DEUS","JD NOEMIA"
QUI,TRADICIONAL,71,JARDIM DAS CAMELIAS,"RUA LIRIO DA SERRA","JD DAS CAMELIAS"
QUI,TRADICIONAL,47,JARDIM SAO MARTINHO,"AV BORBOLETA AMARELA","JD SAO MARTINHO"
SEX,TRADICIONAL,96,BAQUIRIVU,"RUA HELIO VESSONI","VL SINHA"
SEX,TRADICIONAL,59,ITAPOA,"RUA OLEGARIO MACIEL","JD SAO CARLOS"
SEX,TRADICIONAL,26,SAO MIGUEL,"RUA SILVIO CERVELLINI","SAO MIGUEL"
SAB,TRADICIONAL,111,JARDIM SANTANA,"RUA FRUTO DO PARAISO","JD SANTANA"
SAB,TRADICIONAL,55,PARQUE CRUZEIRO DO SUL,"RUA ANTONIO DE SIQUEIRA","PQ CRUZEIRO DO SUL"
SAB,TRADICIONAL,26,CHACARA TRES MENINAS,"AV PEDROSO DA SILVA","CHAC TRES MENINAS"
SAB,TRADICIONAL,10,VILA MONTE SANTO,"RUA QUILOMBO DO AMBROSIO","VL MONTE SANTO"
DOM,TRADICIONAL,135,THOMAZ DE LIMA,"RUA TEIXEIRA LEITE C/ SAO PAULO","LIBERDADE"
DOM,TRADICIONAL,127,VILA DEODORO,"RUA INGLES DE SOUZA","CAMBUCI"
DOM,TRADICIONAL,160,SANTA CECILIA,"RUA SEBASTIAO PEREIRA","STA CECILIA"
DOM,TRADICIONAL,12,PONTE PEQUENA,"RUA GUAPORE","PONTE PEQUENA"
DOM,TRADICIONAL,90,CONSOLACAO,"RUA MAJOR QUEDINHO","CONSOLACAO"
DOM,TRADICIONAL,71,SANTA EFIGENIA,"RUA DOS ANDRADAS C/ TIMBIRAS","STA EFIGEΝΙΑ"
DOM,TRADICIONAL,49,ANHANGABAU,"RUA SANTO AMARO","BELA VISTA"
DOM,TRADICIONAL,0,PAMPLONA,"RUA PAMPLONA","JD PAULISTA"
TER,TRADICIONAL,105,BELA VISTA,"RUA CARDEAL LEME","BELA VISTA"
TER,TRADICIONAL,84,CAMBUCI,"RUA STEFANO","CAMBUCI"
TER,TRADICIONAL,49,SUMARE MODERNA,"PC CHARLES MULLER","PACAEMBU"
TER,TRADICIONAL,16,AMERICO DE CAMPOS,"RUA AMERICO DE CAMPOS","LIBERDADE"
QUA,TRADICIONAL,25,SAO PAULO,"RUA DR PEDRO SEVERIANO","LIBERDADE"
QUA,TRADICIONAL,69,BATURITE,"RUA OLIVEIRA PΕΙΧΟΤΟ","ACLIMACAO"
QUA,TRADICIONAL,43,LIBERDADE/MODERNA,"RUA PANDIA CALOGERAS","LIBERDADE"
QUA,TRADICIONAL,19,FEIRA LIVRE PRACA LIBERDADE,"PC LIBERDADE","LIBERDADE"
QUI,TRADICIONAL,79,ITARARE,"RUA ITARARE","BELA VISTA"
QUI,TRADICIONAL,156,TIRADENTES,"RUA ANTONIO CORUJA","BOM RETIRO"
QUI,TRADICIONAL,118,TEODORETO SOUTO,"RUA TEODORETO SOUTO","CAMBUCI"
QUI,TRADICIONAL,52,SUMARE MODERNA,"PC CHARLES MULLER","PACAEMBU"
QUI,TRADICIONAL,22,ANDRADAS,"RUA DOS ANDRADAS","SANTA EFIGENIA"
QUI,TRADICIONAL,40,PIO XII,"RUA PIO XII","BELA VISTA"
QUI,TRADICIONAL,51,FORTUNATO,"RUA MARTIM FRANCISCO","STA CECILIA"
SEX,TRADICIONAL,19,FEIRA LIVRE IPIRANGA,"AV IPIRANGA","IPIRANGA"
SEX,TRADICIONAL,63,CAMBUCI,"RUA VITORIO EMANUEL","CAMBUCI"
SEX,TRADICIONAL,27,ALCANTARA MACHADO,"RUA DOM BOSCO","CAMBUCI"
SEX,TRADICIONAL,121,MARIA JOSE,"RUA MARIA JOSE C/ FORTALEZA","BELA VISTA"
SEX,TRADICIONAL,155,ANGELICA,"RUA MATO GROSSO C/ PARA","CONSOLACAO"
SEX,TRADICIONAL,12,PACAEMBU,"PC CHARLES MULLER","PACAEMBU"
SEX,TRADICIONAL,34,PERDIZES,"RUA CAMARAGIBE C/ LOPES CHAVES","STA CECILIA"
SAB,TRADICIONAL,194,ACLIMACAO,"RUA LOUREIRO DA CRUZ C/ URANO","ACLIMACAO"
SAB,TRADICIONAL,116,VITORINO CAMILO,"RUA ADOLFO GORDO","BARRA FUNDA"
SAB,TRADICIONAL,87,BOM RETIRO,"RUA JARAGUA","BOM RETIRO"
SAB,TRADICIONAL,68,SUMARE MODERNA,"PC CHARLES MULLER","PACAEMBU"
SAB,TRADICIONAL,25,LIBERDADE,"RUA TAGUA","LIBERDADE"
SAB,TRADICIONAL,21,PAMPLONA,"AL RIO CLARO","CERQUEIRA CEZAR"
SAB,TRADICIONAL,12,BENTO FREITAS,"RUA BENTO FREITAS","REPUBLICA"
SAB,ÔRGANICA,4,MERCADO CENTRAL ORGANICO,"RUA CANTAREIRA","CENTRO"
DOM,TRADICIONAL,104,SAO MATHEUS,"RUA JOAQUIM GOUVEIA FRANCO","CID SAO MATHEUS"
DOM,TRADICIONAL,77,JARDIM ROSELI,"RUA LUIZA DE JESUS FERREIRA","JD ROSELI"
DOM,TRADICIONAL,87,JARDIM PARAGUASSU,"RUA DOURADOQUARA","JD PARAGUASSU"
DOM,TRADICIONAL,21,OURO FINO,"RUA LEONOR DE SIQUEIRA","JD VERA CRUZ"
DOM,TRADICIONAL,150,JARDIM VILA CARRAO I,"AV BASSANO DEL GRAPA","JD VL CARRAO"
DOM,TRADICIONAL,20,JARDIM SAO FRANCISCO,"RUA MORRO DAS PEDRAS","JD SAO FRANCISCO"
DOM,TRADICIONAL,17,CDHU JARDIM IGUATEMI,"AV PONTE DA AMIZADE","JARDIM IGUATEMI"
TER,TRADICIONAL,69,JARDIM ESTER,"AV MENDONCA E VASCONCELOS","JD ESTER"
TER,TRADICIONAL,27,RIBEIRAO DAS PEDRAS,"RUA ANGELO DE CANDIA","JD NOVE DE JULHO"
TER,TRADICIONAL,9,SANTA ADELIA,"RUA CACHOEIRA DE MINAS","JD STA ADELIA"
TER,TRADICIONAL,45,SAO MATEUS,"RUA SERITINGA","SAO MATEUS"
TER,TRADICIONAL,18,JARDIM AUGUSTO,"RUA HELIODORO PAIVA","JARD M AUGUSTO"
TER,TRADICIONAL,10,JARDIM SANTO ANDRE,"RUA AFONSO FURTADO DE CASTRO","JARDIM SANTO ANDRE"
TER,TRADICIONAL,16,JARDIM VERA CRUZ NOTURNA,"AV SAPOPEMBA","SAO MATEUS"
TER,NOTURNA,6,VENEZA DO AMOR,"TV VENEZA DO AMOR","JD SAO JOSE"
QUA,NOTURNA,6,EDMUR WITAKER,"RUA EDMUR WITAKER","SAO MATEUS"
QUA,TRADICIONAL,122,MARIA CURSI,"RUA DOMIZIANO ROSSI","SAO MATEUS"
QUA,TRADICIONAL,24,JARDIM VERA CRUZ,"RUA PIRES CALEIRO","JD VERA CRUZ"
QUA,TRADICIONAL,52,SAO RAFAEL,"RUA BENTO DO AMARAL DA SILVA","PQ SAO RAFAEL"
QUA,TRADICIONAL,42,ENGENHO NOVO,"AV ENGENHO NOVO","JD TIETE"
QUA,TRADICIONAL,11,CIDADE SATELITE,"RUA PHOBUS","JD STA BARBARA"
QUA,TRADICIONAL,0,QUEBEDO E VASCONCELOS,"RUA QUEBEDO E VASCONCELOS","SAO MATEUS"
QUI,TRADICIONAL,100,VILA IV CENTENARIO,"AV OURO VERDE DE MINAS","VL IV CENTENARIO"
QUI,TRADICIONAL,80,JARDIM IGUATEMI,"RUA CUBAS DE MENDONCA","JD IGUATEMI"
QUI,TRADICIONAL,24,CIDADE SAO MATEUS,"RUA MARIA LUIZA DO VAL PENTEADO","CID SAO MATEUS"
QUI,TRADICIONAL,8,JARDIM VILA NOVA CARRAO,"AV MARIANA DE SOUZA GUERRA","JD VL NOVA CARRAO"
QUI,TRADICIONAL,10,JD.BOA ESPERANCA,"RUA IGUPIARA","JD BOA ESPERANCA"
QUI,TRADICIONAL,40,SAO MATEUS,"RUA MINISTRO LUIZ SPARANO","JARDIM SANTA ADELIA"
SEX,TRADICIONAL,160,JARDIM SANTA ADELIA,"RUA URSA MENOR","JD STA ADELIA"
SEX,TRADICIONAL,56,MATEO BEI,"RUA OSVALDO NEVOLA","SAO MATHEUS"
SEX,TRADICIONAL,27,JARDIM NOVE DE JULHO,"RUA DAS CAPITANIAS","JD NOVE DE JULHO"
SAB,TRADICIONAL,113,PARQUE SAO RAFAEL,"RUA JOAO DO CANTO E MELO","PQ SAO RAFAEL"
SAB,TRADICIONAL,89,PARQUE BOA ESPERANCA,"RUA DIOGO GARCIA","JD PLANALTO"
SÁB,TRADICIONAL,63,JARDIM SANTO ANDRE,"RUA DUARTE TEIXEIRA CHAVES","JD STO ANDRE"
SÁB,TRADICIONAL,15,JARDIM DAS LARANJEIRAS,"RUA MARIA GARCIA BETIM","JD DAS LARANJEIRAS"
SÁB,NOTURNA,1,JARDIM SANTA ADELIA,"RUA CACHOEIRA DE MINAS","SAO MATEUS"
SÁB,TRADICIONAL,5,FEIRA DA AGRICULTURA LIMPA,"AV AFONSO PENTEADO","PQ DO CARMO"
SÁB,TRADICIONAL,4,FEIRA DA ECONOMIA SOLIDARIA,"AV MATEO BEI","SAO MATEUS"
DOM,TRADICIONAL,108,GUANABARA,"RUA CEL OSCAR PORTO","PARAISO"
DOM,TRADICIONAL,104,INDIANOPOLIS,"AV LAVANDISCA","MOEMA"
DOM,TRADICIONAL,208,BOSQUE,"RUA CARNEIRO DA CUNHA","VL DA SAUDE"
DOM,TRADICIONAL,28,JORGE TIBIRICA,"RUA JUREIA","STA CRUZ"
DOM,TRADICIONAL,34,DR BACELAR,"RUA DRA NEYDE APPARECIDA SOLLITO","VL CLEMENΤΙΝΟ"
TER,TRADICIONAL,56,ACLIMACAO,"RUA GUIMARAES PASSOS","ACLIMACAO"
TER,TRADICIONAL,73,IBIRAPUERA,"RUA JOINVILLE","IBIRAPUERA"
TER,TRADICIONAL,101,VILA NOVA CONCEICAO,"RUA MARCOS LOPES C/ SILVANIA","VL NOVA CONCEICAO"
TER,TRADICIONAL,138,MIRANDOPOLIS,"RUA AFONSO CELSO","VL MARIANA"
TER,TRADICIONAL,36,BARTIRA,"AL DOS ARAES","PLANALTO PAULISTA"
TER,TRADICIONAL,81,PLANALTO PAULISTA,"AV JOSE MARIA WITAKER","PLANALTO PAULISTA"
TER,TRADICIONAL,68,IBITURUNA,"RUA PARACATU","SAO JUDAS"
TER,TRADICIONAL,25,CHACARA KLABIM,"RUA VOLTAIRE C/ PEDRO NICOLE","JD VL MARIANA"
QUA,TRADICIONAL,62,JARDIM DA GLORIA,"RUA PROFESSOR MACEDO SOARES","JD DA GLORIA"
QUA,TRADICIONAL,77,AMBROSINA,"RUA ECA DE QUEIROZ","VL MARIANA"
QUA,TRADICIONAL,128,PAVAO,"AV BENTEVI C JAUAPERI","INDIANOPOLIS"
QUA,TRADICIONAL,38,INDIANOPOLIS,"AL AGOSTINHO RODRIGUES FILHO","VL MARIANA"
QUA,TRADICIONAL,28,IMIGRANTES,"RUA MAJOR FREIRE","JABAQUARA"
QUA,TRADICIONAL,20,PRACA DA ARVORE,"RUA CARAMURU","BOSQUE DA SAUDE"
QUA,NOTURNA/ORGÂNIC,7,FEIRA LIVRE ORGANICA WHITAKER,"AV JOSE MARIA WHITAKER","PLANALTO PAULISTA"
QUI,TRADICIONAL,63,VILA CLEMΕΝΤΙΝΟ,"RUA CEL LISBOA C/ ESTADO DE ISRAEL","PLANALTO PAULISTA"
QUI,TRADICIONAL,102,JABAQUARA,"AV CECI","PLANALTO PAULISTA"
SEX,TRADICIONAL,121,ALCINO BRAGA,"RUA ALCINO BRAGA C/ SAMPAIO VIANA","PARAISO"
SEX,TRADICIONAL,10,ANDRE BOTELHO,"RUA MARIZ E BARROS","ACLIMACAO"
SEX,TRADICIONAL,68,GANDAVO,"RUA GANDAVO C/ NAPOLEAO DE BARRO","VL MARIANA"
SEX,TRADICIONAL,84,ALTINO ARANTES,"RUA JOSE MARIA WITAKER","SAUDE"
SEX,TRADICIONAL,62,VILA HELEΝΑ,"AL DOS ANAPURUS","VL HELENA"
SEX,TRADICIONAL,113,VERGUEIRO,"RUA CONCEICAO VELOSO","VL MARIANA"
SEX,TRADICIONAL,24,FEIRAO DA ECONOMIA DE MOEMA,"TV JORNALISTA OTAVIO MUNIZ","MOEMA"
SEX,TRADICIONAL,13,FEIRA LIVRE SAO RAFAEL,"RUA CABOQUENAS","VILA MARIANA"
SEX,TRADICIONAL,113,ACLIMACAO,"RUA ENG LUIZ GOMES C SANGIRARDI","ACLIMACAO"
SÁB,TRADICIONAL,65,JOAQUIM TAVORA,"RUA FRANCA PIΝΤΟ","VL MARIANA"
SÁB,TRADICIONAL,74,IRERE,"AV JOSE MARIA WITAKER","VL CLEMENΤΙΝΟ"
SÁB,TRADICIONAL,82,REPUBLICA DO LIBANO,"RUA DIOGO JACOME","IBIRAPUERA"
SÁB,TRADICIONAL,9,PRACA DA ARVORE,"RUA GUIRATINGA","CHAC INGLESA"
SÁB,TRADICIONAL,33,PLANALTO PAULISTA II,"AV JOSE MARIA WITAKER","PLANALTO PAULISTA"
SÁB,TRADICIONAL,35,BRIGADEIRO,"RUA CHRIS TRONBJERG","PARAISO"
SÁB,ORGÂNICA,30,PARQUE IBIRAPUERA,"PC EISENHOWER","FAZENDA JUTA"
DOM,TRADICIONAL,120,VILA MEDEIROS,"RUA ATALIBA VIEIRA","MEDEIROS"
DOM,TRADICIONAL,40,ALTO DE VILA MARIA,"RUA KANEDA","JD JAPAO"
DOM,TRADICIONAL,38,CRISTOVAM LINS,"RUA LUCIANO BROINIZZI C JAPI","VL EDE"
DOM,TRADICIONAL,64,COHAB FERNAO DIAS,"RUA COMBATE LAGOA BRANCA","VL SABRINA"
DOM,TRADICIONAL,69,CENTER NORTE,"RUA ANNA PAPINI GUARANHA","CARANDIRU"
TER,TRADICIONAL,25,VILA GUILHERME,"RUA ALFREDO MARIO PIZZOTTI","VL GUILHERME"
TER,TRADICIONAL,53,VILA MAZZΕΙ,"RUA QUEDAS","VL MAZZEI"
TER,TRADICIONAL,112,VILA MUNHOZ,"PC OSCAR DA SILVA","VL GUILHERME"
TER,TRADICIONAL,74,VILA BOSCHETTI,"AV BOSCHETTI","VL GUSTAVO"
TER,TRADICIONAL,24,PRACA VISTA ALEGRE,"AV BENEDITO ESTEVAO DOS SANTOS","VL MARIA"
QUA,TRADICIONAL,64,PRACA NIPON,"RUA OSAKA","JD JAPAO"
QUA,TRADICIONAL,13,VILA MARIA,"RUA MOREIRA DE VASCONCELOS","VL MARIA"
QUA,TRADICIONAL,112,CENTRAL,"RUA ANTENOR NAVARRO","JD BRASIL"
QUA,TRADICIONAL,5,VILA ELISA,"RUA DOS GUARINOS","VILA ELISA"
QUI,TRADICIONAL,15,JACUNA,"RUA GUARACININGA","VL GUILHERME"
QUI,TRADICIONAL,33,VILA PAIVA,"RUA CATAPARA","VL GUILHERME"
QUI,TRADICIONAL,64,PRACA 57,"AV ALBERTO BYINGTON","VL MARIA"
QUI,TRADICIONAL,11,SANTO ELISIO,"RUA SOLD JOSE VICENTE DE PAULA","VL MARIA"
QUI,TRADICIONAL,19,VILA ALEGRIA,"AV ROLAND GARROS","VL EDE"
QUI,TRADICIONAL,15,VILA MEDEIROS,"RUA GEOLANDIA","VL MEDEIROS"
SEX,TRADICIONAL,77,VILA ELZA,"RUA ANDARAI","VL MARIA"
SEX,TRADICIONAL,47,GUARINOS,"RUA SANTO ANTONIO DE LISBOA","VL EDE"
SEX,TRADICIONAL,148,VILA SABRINA,"RUA GEOLANDIA","VL SABRINA"
SEX,TRADICIONAL,47,VILA MARIA,"PC GOMES FIGUEIREDO","VILA MARIA"
SÁB,TRADICIONAL,76,VILA GUILHERME,"RUA MARIETA DA SILVA","VL GUILHERME"
SÁB,TRADICIONAL,119,VILA MARIA,"RUA ARARITAGUABA","VL MARIA ΒΑΙΧΑ"
SÁB,TRADICIONAL,66,VILA MEDEIROS,"RUA SANTA FE DO SUL","VL MARIA"
SÁB,TRADICIONAL,127,JARDIM BRASIL,"RUA PAULINO DE BRITO","JD BRASIL"
SÁB,TRADICIONAL,119,PARQUE NOVO MUNDO,"AL SUB TENENTE FRANCISCO HIERRO","PQ NOVO MUNDO"
DOM,TRADICIONAL,57,VILA PRUDENTE,"RUA JOSE ZAPPI","VL PRUDENTE"
DOM,TRADICIONAL,82,VILA ALPINA,"RUA DR VICENTE GIACAGLINI","VL BELA"
DOM,TRADICIONAL,66,PARQUE SAO LUCAS,"RUA CARLOS CESAR","VL DIVINA PASTORA"
DOM,TRADICIONAL,86,TOLSTOI,"RUA DR TOLSTOI DE CARVALHO","SAPOPEMBA"
DOM,TRADICIONAL,84,PARQUE SANTA MADALENA,"RUA ALM OTACILIO CUNHA","PQ STA MADALENA"
DOM,TRADICIONAL,34,JARDIM ELBA,"RUA TOME DA ROCHA","JD ELBA"
DOM,TRADICIONAL,14,COHAB SAPОРЕМВА,"AV ARQUITETO VL NOVA ARTIGAS","SAPOPEMBA"
DOM,TRADICIONAL,43,JARDIM NOVA SAPOPEМВА,"RUA CARLO COCCIA","JD NOVA SAPOPEMBA"
TER,TRADICIONAL,68,JARDIM TIALHA,"RUA PINTO DA LUZ","JD TIALHA"
TER,TRADICIONAL,54,PARQUE SAO LUCAS,"RUA DOMINGOS PIRES BRITO","PQ SAO LUCAS"
TER,TRADICIONAL,59,COLORADO,"RUA PEDRO VITORATO","JD COLORADO"
TER,TRADICIONAL,69,JARDIM PLANALTO,"RUA RIO HIPIAUGUI","JD PLANALTO"
TER,TRADICIONAL,16,JARDIM SAРОРЕМВА,"RUA JOAO LOPES DE LIMA","JD SAPOPEMBA"
TER,TRADICIONAL,4,TORQUATO TASSO,"PC TORQUATO TASSO","BOM RETIRO"
QUA,TRADICIONAL,42,PRACA SANTA HELENA,"RUA PEDRO DE GODOI","VL ZELINA"
QUA,TRADICIONAL,59,VILA BELA,"RUA PITINGA","VL BELA"
QUA,TRADICIONAL,61,ANA CLARA,"RUA PASCOAL RANIERI MAZILI","VL ANA CLARA"
QUA,TRADICIONAL,33,VILA EMA,"RUA PDE PEDRO MAGNONI","VL EMA"
QUA,TRADICIONAL,74,PAULICEIA,"RUA HILEIA AMAZONICA","JD GUAIRACA"
QUA,TRADICIONAL,10,INDEPENDENCIA,"RUA ERNESTO DOS SANTOS","JD INDEPENDENCIA"
QUA,TRADICIONAL,69,COHAB SAРОРЕМВА,"RUA WALTER RUMMEL","SAPOPEMBA"
QUA,TRADICIONAL,10,FEIRA INGAI,"RUA INGAI","VILA PRUDENTE"
QUA,TRADICIONAL,39,SAPOPEMBA,"RUA ADUTORA DO RIO CLARO","VILA REGENTE FEIJO"
QUA,NOTURNA,5,FAZENDA DA JUTA,"RUA AUGUSTIN LUBERTI","FAZENDA JUTA"
QUA,TRADICIONAL,2,GERMINIO GOMES DA SILVA,"PC JOAO GARCIA GIMENES","SAPOPEMBA"
QUI,TRADICIONAL,62,PARQUE SAO LUCAS,"RUA DR JOSE CASSIO SOARES","PQ SAO LUCAS"
QUI,TRADICIONAL,93,VILA CALIFORNIA,"AV MATA MACHADO","VL CALIFORNIA"
QUI,TRADICIONAL,43,VILA DIVA,"RUA SOLIDONIO LEITE","VL DIVA"
QUI,TRADICIONAL,120,SAPOPEMBA,"RUA GAL PORFIRIO DA PAZ","JD GRIMALDI"
QUI,TRADICIONAL,89,MASCARENHAS DE MORAES,"RUA TTE GODOFREDO CERQUEIRA LEITE","JD SAPOPEMBA"
QUI,TRADICIONAL,54,RIO CLARO,"AV LOURIVAL FONTES","JD PLANALTO"
QUI,TRADICIONAL,17,SERRA DE CAPIVARUCU,"RUA AGUIAS REAIS","JD ELBA"
QUI,TRADICIONAL,0,FEIRA LIVRE JD AVELINO,"RUA JOSE PACE","JD AVELINO"
QUI,TRADICIONAL,0,MAESTRO JOPO EVANGELISTA,"RUA MAESTRO JOAO EVANGELISTA","SAO LUCAS"
SEX,TRADICIONAL,52,VILA CELESTE,"RUA PIANCO","VL CELESTE"
SEX,TRADICIONAL,67,VILA ZELINA,"RUA INHAGAPI C/ MANAIAS","VL ZELINA"
SEX,TRADICIONAL,92,VILA GUARANI,"RUA JOAO RODRIGUES PIRES","VL GUARANI"
SEX,TRADICIONAL,56,JARDIM INDEPENDENCIA,"RUA SECUNDINO DOMINGUES","VL PRUDENTE"
SEX,TRADICIONAL,23,AMAZONIA,"RUA NUBIA","VL TOLSTOI"
SEX,TRADICIONAL,48,MARIA TEREZA,"RUA SERRA DE ITABAIANA","PQ STA MADALENA"
SEX,TRADICIONAL,28,IGUACU,"RUA JOSE DOMINGUES DE PONTES","JD ANGELA"
SEX,TRADICIONAL,0,MORRO DO FRADE,"RUA MORRO DO FRADE","JD DA CONQUISTA"
SEX,NOTURNA,1,TORQUATO PLAZA,"PCA TORQUATO PLAZA","VL GRIMALDI"
SÁB,TRADICIONAL,87,QUINTA DAS PAINEIRAS,"RUA SAO LUIS DO PARAITINGA","VL ZELINA"
SÁB,TRADICIONAL,80,VILA BELEM,"RUA ADUTORA DO RIO CLARO","SAPOPEMBA"
SÁB,TRADICIONAL,77,VILA REUNIDAS,"AV MORAIS COSTA","VL REUNIDAS"
SÁB,TRADICIONAL,47,JARDIM GRIMALDI,"RUA JOSE JOAQUIM","JD GRIMALDI"
SÁB,TRADICIONAL,90,FAZENDA DA JUTA,"RUA VICTORIA MARCONATO ΖΟΝΤΑ","JD SAPOPEМВА"
SÁB,TRADICIONAL,29,VILA PAULO SILAS,"RUA ANTONIO FONTOURA XAVIER","VL PAULO SILAS"
SÁB,TRADICIONAL,58,COHAB SAРОРЕМВА,"RUA FELICI TOSI","SAPOPEMBA"
}